id,education_id,training_type_id,planned_loading
17067,8582,12,36
17068,8583,11,18
17069,8583,12,9
17070,8584,11,18
17071,8584,12,9
17072,8585,11,18
17073,8585,12,18
17074,8586,11,27
17075,8586,13,27
17076,8587,11,36
17077,8587,13,9
17078,8587,12,9
17079,8588,14,18
17080,8589,11,27
17081,8589,13,36
17082,8589,14,18
17083,8590,11,36
17084,8590,13,18
17085,8591,11,45
17086,8591,13,54
17087,8592,13,36
17088,8593,12,108
17089,8594,12,36
17090,8595,11,18
17091,8595,12,9
17092,8596,11,18
17093,8596,12,9
17094,8597,11,18
17095,8597,12,18
17096,8598,11,27
17097,8598,13,27
17098,8599,11,36
17099,8599,13,9
17100,8599,12,9
17101,8600,14,18
17102,8601,11,27
17103,8601,13,36
17104,8601,14,18
17105,8602,11,36
17106,8602,13,18
17107,8603,11,45
17108,8603,13,54
17109,8604,13,36
17110,8605,12,108
17236,8673,12,36
17237,8674,11,18
17238,8674,12,9
17239,8675,11,18
17240,8675,12,9
17241,8676,11,18
17242,8676,12,18
17243,8677,11,27
17244,8677,12,18
17245,8678,11,54
17246,8678,12,27
17247,8679,11,36
17248,8679,13,18
17249,8680,11,36
17250,8680,13,18
17251,8680,15,9
17252,8681,11,54
17253,8681,13,18
17254,8682,11,36
17255,8682,13,18
17256,8682,12,9
17257,8683,13,36
17258,8684,11,18
17259,8684,12,90
17260,8684,15,0
17261,8685,12,36
17262,8686,11,18
17263,8686,12,9
17264,8687,11,18
17265,8687,12,9
17266,8688,11,18
17267,8688,12,18
17268,8689,11,27
17269,8689,12,18
17270,8690,11,54
17271,8690,12,27
17272,8691,11,36
17273,8691,13,18
17274,8692,11,36
17275,8692,13,18
17276,8692,15,9
17277,8693,11,54
17278,8693,13,18
17279,8694,11,36
17280,8694,13,18
17281,8694,12,9
17282,8695,13,36
17283,8696,11,18
17284,8696,12,90
17285,8696,15,0
19278,9731,17,24
19279,9732,16,8
19280,9732,17,8
19281,9733,16,16
19282,9733,17,8
19283,9734,16,16
19284,9734,17,16
19285,9735,16,32
19286,9735,17,32
19287,9736,16,32
19288,9736,18,16
19289,9737,16,48
19290,9737,18,48
19291,9738,16,32
19292,9738,18,32
19293,9739,16,32
19294,9739,20,16
19295,9740,18,64
19296,9741,16,16
19297,9741,17,80
19298,9741,20,0
19299,9742,17,24
19300,9743,16,8
19301,9743,17,8
19302,9744,16,16
19303,9744,17,8
19304,9745,16,16
19305,9745,17,16
19306,9746,16,32
19307,9746,17,32
19308,9747,16,32
19309,9747,18,16
19310,9748,16,48
19311,9748,18,48
19312,9749,16,32
19313,9749,18,32
19314,9750,16,32
19315,9750,20,16
19316,9751,18,64
19317,9752,16,16
19318,9752,17,80
19319,9752,20,0
23404,11792,17,24
23405,11793,16,8
23406,11793,17,8
23407,11794,16,16
23408,11794,17,8
23409,11795,16,16
23410,11795,17,16
23411,11796,19,16
23412,11797,16,32
23413,11797,18,16
23414,11798,16,32
23415,11798,18,56
23416,11799,16,40
23417,11799,18,24
23418,11800,16,32
23419,11800,18,48
23420,11801,19,16
23421,11802,18,32
23422,11803,17,96
23423,11804,17,24
23424,11805,16,8
23425,11805,17,8
23426,11806,16,16
23427,11806,17,8
23428,11807,16,16
23429,11807,17,16
23430,11808,19,16
23431,11809,16,32
23432,11809,18,16
23433,11810,16,32
23434,11810,18,56
23435,11811,16,40
23436,11811,18,24
23437,11812,16,32
23438,11812,18,48
23439,11813,19,16
23440,11814,18,32
23441,11815,17,96
25369,12751,21,30
25370,12751,22,15
25371,12752,21,30
25372,12752,23,22
25373,12753,21,45
25374,12753,23,15
25375,12754,21,45
25376,12754,23,30
25377,12755,21,30
25378,12755,23,15
25379,12756,21,15
25380,12756,25,30
25381,12757,23,45
25382,12758,21,15
25383,12759,21,45
25384,12759,23,30
25385,12760,21,30
25386,12760,22,15
25387,12761,21,30
25388,12761,23,22
25389,12762,21,45
25390,12762,23,15
25391,12763,21,45
25392,12763,23,30
25393,12764,21,30
25394,12764,23,15
25395,12765,21,15
25396,12765,25,30
25397,12766,23,45
25398,12767,21,15
25399,12768,21,45
25400,12768,23,30
26637,13400,21,30
26638,13400,22,15
26639,13401,21,30
26640,13401,23,30
26641,13402,21,30
26642,13402,23,45
26643,13403,24,15
26644,13404,21,45
26645,13405,23,52
26646,13407,22,82
26647,13408,21,30
26648,13408,22,15
26649,13409,21,30
26650,13409,22,15
26651,13410,21,30
26652,13410,23,30
26653,13411,21,30
26654,13411,23,45
26655,13412,24,15
26656,13413,21,45
26657,13414,23,52
26658,13416,22,82
26659,13417,21,30
26660,13417,22,15
76497,31663,55,2
76498,31663,49,19
76499,31663,50,33
76500,31664,54,2
76501,31664,50,36
76502,31665,54,2
76503,31665,49,13
76504,31665,50,21
76505,31666,54,2
76506,31666,49,39
76507,31666,50,31
76508,31667,54,2
76509,31667,49,19
76510,31667,51,15
76511,31667,50,18
76512,31668,55,2
76513,31668,49,18
76514,31668,51,18
76515,31669,55,2
76516,31669,49,39
76517,31669,51,67
76518,31670,55,2
76519,31670,49,15
76520,31670,51,23
76521,31670,50,13
76522,31671,49,5
76523,31671,50,59
76524,31672,55,2
76525,31672,49,19
76526,31672,50,33
76527,31673,54,2
76528,31673,50,36
76529,31674,54,2
76530,31674,49,13
76531,31674,50,21
76532,31675,54,2
76533,31675,49,39
76534,31675,50,31
76535,31676,54,2
76536,31676,49,19
76537,31676,51,15
76538,31676,50,18
76539,31677,55,2
76540,31677,49,18
76541,31677,51,18
76542,31678,55,2
76543,31678,49,39
76544,31678,51,67
76545,31679,55,2
76546,31679,49,15
76547,31679,51,23
76548,31679,50,13
76549,31680,49,5
76550,31680,50,59
80749,33183,50,2
80750,33184,50,2
85464,34810,62,2
85465,34810,57,31
85466,34811,62,2
85467,34811,56,21
85468,34811,57,31
85469,34812,62,2
85470,34812,56,19
85471,34812,58,15
85472,34812,57,18
85473,34813,61,2
85474,34813,56,15
85475,34813,57,19
85476,34814,61,2
85477,34814,56,19
85478,34814,58,34
85479,34815,62,2
85480,34815,56,36
85481,34815,58,71
85482,34816,62,2
85483,34816,56,17
85484,34816,58,35
85485,34817,61,2
85486,34817,56,15
85487,34817,58,19
85488,34818,61,2
85489,34818,57,31
85490,34819,62,2
85491,34819,57,31
85492,34820,62,2
85493,34820,56,21
85494,34820,57,31
85495,34821,62,2
85496,34821,56,19
85497,34821,58,15
85498,34821,57,18
85499,34822,61,2
85500,34822,56,15
85501,34822,57,19
85502,34823,61,2
85503,34823,56,19
85504,34823,58,34
85505,34824,62,2
85506,34824,56,36
85507,34824,58,71
85508,34825,62,2
85509,34825,56,17
85510,34825,58,35
85511,34826,61,2
85512,34826,56,15
85513,34826,58,19
85514,34827,61,2
85515,34827,57,31
90687,36627,57,2
90688,36628,57,2
97407,38884,69,2
97408,38884,63,36
97409,38884,64,36
97410,38885,68,2
97411,38885,64,72
97412,38886,68,2
97413,38886,64,36
97414,38887,69,2
97415,38887,63,36
97416,38887,64,36
97417,38888,68,2
97418,38888,63,18
97419,38888,65,18
97420,38888,64,18
97421,38889,69,2
97422,38889,63,18
97423,38889,65,36
97424,38890,68,2
97425,38890,63,18
97426,38890,65,36
97427,38890,64,36
97428,38891,63,5
97429,38891,64,65
97453,38900,69,2
97454,38900,63,36
97455,38900,64,36
97456,38901,68,2
97457,38901,64,72
97458,38902,68,2
97459,38902,64,36
97460,38903,69,2
97461,38903,63,36
97462,38903,64,36
97463,38904,68,2
97464,38904,63,18
97465,38904,65,18
97466,38904,64,18
97467,38905,69,2
97468,38905,63,18
97469,38905,65,36
97470,38906,68,2
97471,38906,63,18
97472,38906,65,36
97473,38906,64,36
97474,38907,63,5
97475,38907,64,65
98001,39100,69,2
98002,39100,63,19
98003,39100,64,33
98004,39101,68,2
98005,39101,64,36
98006,39102,68,2
98007,39102,63,13
98008,39102,64,21
98009,39103,68,2
98010,39103,63,39
98011,39103,64,31
98012,39104,68,2
98013,39104,63,19
98014,39104,65,15
98015,39104,64,18
98016,39105,69,2
98017,39105,63,18
98018,39105,65,18
98019,39106,69,2
98020,39106,63,39
98021,39106,65,67
98022,39107,69,2
98023,39107,63,15
98024,39107,65,23
98025,39107,64,13
98026,39108,63,5
98027,39108,64,59
98028,39109,69,2
98029,39109,63,19
98030,39109,64,33
98031,39110,68,2
98032,39110,64,36
98033,39111,68,2
98034,39111,63,13
98035,39111,64,21
98036,39112,68,2
98037,39112,63,39
98038,39112,64,31
98039,39113,68,2
98040,39113,63,19
98041,39113,65,15
98042,39113,64,18
98043,39114,69,2
98044,39114,63,18
98045,39114,65,18
98046,39115,69,2
98047,39115,63,39
98048,39115,65,67
98049,39116,69,2
98050,39116,63,15
98051,39116,65,23
98052,39116,64,13
98053,39117,63,5
98054,39117,64,59
98532,39278,69,2
98533,39278,63,21
98534,39278,64,31
98535,39279,69,2
98536,39279,63,19
98537,39279,65,15
98538,39279,64,18
98539,39280,69,2
98540,39280,63,31
98541,39280,64,39
98542,39281,68,2
98543,39281,63,16
98544,39281,64,19
98545,39282,69,2
98546,39282,63,39
98547,39282,65,67
98548,39282,66,18
98549,39283,68,2
98550,39283,63,19
98551,39283,65,33
98552,39284,68,2
98553,39284,63,23
98554,39284,65,29
98555,39285,64,68
98556,39286,69,2
98557,39286,63,21
98558,39286,64,31
98559,39287,69,2
98560,39287,63,19
98561,39287,65,15
98562,39287,64,18
98563,39288,69,2
98564,39288,63,31
98565,39288,64,39
98566,39289,68,2
98567,39289,63,16
98568,39289,64,19
98569,39290,69,2
98570,39290,63,39
98571,39290,65,67
98572,39290,66,18
98573,39291,68,2
98574,39291,63,19
98575,39291,65,33
98576,39292,68,2
98577,39292,63,23
98578,39292,65,29
98579,39293,64,68
99289,39554,64,2
99299,39564,64,2
99300,39565,64,2
99301,39566,64,2
99312,39577,64,2
99323,39588,64,2
105037,41541,75,2
105038,41541,70,36
105039,41541,71,18
105040,41542,76,2
105041,41542,71,36
105042,41543,75,2
105043,41543,70,18
105044,41543,71,36
105045,41544,75,2
105046,41544,70,36
105047,41544,71,36
105048,41545,76,2
105049,41545,70,18
105050,41545,72,18
105051,41545,71,18
105052,41546,75,2
105053,41546,70,18
105054,41546,71,18
105055,41547,76,2
105056,41547,70,36
105057,41547,71,36
105058,41548,76,2
105059,41548,70,18
105060,41548,72,36
105061,41548,71,36
105062,41549,75,2
105063,41549,71,72
105091,41559,75,2
105092,41559,70,36
105093,41559,71,18
105094,41560,76,2
105095,41560,71,36
105096,41561,75,2
105097,41561,70,18
105098,41561,71,36
105099,41562,75,2
105100,41562,70,36
105101,41562,71,36
105102,41563,76,2
105103,41563,70,18
105104,41563,72,18
105105,41563,71,18
105106,41564,75,2
105107,41564,70,18
105108,41564,71,18
105109,41565,76,2
105110,41565,70,36
105111,41565,71,36
105112,41566,76,2
105113,41566,70,18
105114,41566,72,36
105115,41566,71,36
105116,41567,75,2
105117,41567,71,72
106056,41897,76,2
106057,41897,70,19
106058,41897,71,29
106059,41898,76,2
106060,41898,70,18
106061,41898,71,28
106062,41899,76,2
106063,41899,70,43
106064,41899,72,63
106065,41900,76,2
106066,41900,70,29
106067,41900,72,41
106068,41901,71,107
106069,41901,73,0
106070,41902,70,53
106071,41902,72,53
106072,41902,73,0
106073,41903,75,2
106074,41903,71,68
106075,41904,76,2
106076,41904,70,19
106077,41904,71,29
106078,41905,76,2
106079,41905,70,18
106080,41905,71,28
106081,41906,76,2
106082,41906,70,43
106083,41906,72,63
106084,41907,76,2
106085,41907,70,29
106086,41907,72,41
106087,41908,71,107
106088,41908,73,0
106089,41909,70,53
106090,41909,72,53
106091,41909,73,0
106092,41910,75,2
106093,41910,71,68
106094,41911,76,2
106095,41911,71,31
106096,41912,76,2
106097,41912,70,21
106098,41912,71,31
106099,41913,76,2
106100,41913,70,19
106101,41913,72,15
106102,41913,71,18
106103,41914,75,2
106104,41914,70,15
106105,41914,71,19
106106,41915,75,2
106107,41915,70,19
106108,41915,72,34
106109,41916,76,2
106110,41916,70,36
106111,41916,72,71
106112,41917,76,2
106113,41917,70,17
106114,41917,72,35
106115,41918,75,2
106116,41918,70,15
106117,41918,72,19
106118,41919,75,2
106119,41919,71,31
106120,41920,76,2
106121,41920,71,31
106122,41921,76,2
106123,41921,70,21
106124,41921,71,31
106125,41922,76,2
106126,41922,70,19
106127,41922,72,15
106128,41922,71,18
106129,41923,75,2
106130,41923,70,15
106131,41923,71,19
106132,41924,75,2
106133,41924,70,19
106134,41924,72,34
106135,41925,76,2
106136,41925,70,36
106137,41925,72,71
106138,41926,76,2
106139,41926,70,17
106140,41926,72,35
106141,41927,75,2
106142,41927,70,15
106143,41927,72,19
106144,41928,75,2
106145,41928,71,31
107382,42363,71,2
107384,42365,71,2
107401,42382,71,2
107402,42383,71,2
107403,42384,71,2
107404,42385,71,2
117390,45725,83,2
117391,45725,77,37
117392,45725,79,69
117393,45726,83,2
117394,45726,77,23
117395,45726,78,29
117396,45727,83,2
117397,45727,77,23
117398,45727,79,29
117399,45728,78,51
117400,45729,77,23
117401,45729,79,18
117402,45729,78,29
117403,45730,83,2
117404,45730,77,19
117405,45730,79,33
117406,45731,77,54
117407,45731,79,54
117408,45732,78,108
117409,45733,83,2
117410,45733,77,37
117411,45733,79,69
117412,45734,83,2
117413,45734,77,23
117414,45734,78,29
117415,45735,83,2
117416,45735,77,23
117417,45735,79,29
117418,45736,78,51
117419,45737,77,23
117420,45737,79,18
117421,45737,78,29
117422,45738,83,2
117423,45738,77,19
117424,45738,79,33
117425,45739,77,54
117426,45739,79,54
117427,45740,78,108
117428,45741,83,2
117429,45741,77,21
117430,45741,78,31
117431,45742,83,2
117432,45742,77,19
117433,45742,79,15
117434,45742,78,18
117435,45743,83,2
117436,45743,77,39
117437,45743,79,67
117438,45743,80,18
117439,45744,82,2
117440,45744,77,19
117441,45744,79,33
117442,45745,82,2
117443,45745,77,23
117444,45745,79,29
117445,45746,83,2
117446,45746,77,31
117447,45746,78,39
117448,45747,82,2
117449,45747,77,15
117450,45747,78,36
117451,45748,78,51
117452,45749,83,2
117453,45749,77,21
117454,45749,78,31
117455,45750,83,2
117456,45750,77,19
117457,45750,79,15
117458,45750,78,18
117459,45751,83,2
117460,45751,77,39
117461,45751,79,67
117462,45751,80,18
117463,45752,82,2
117464,45752,77,19
117465,45752,79,33
117466,45753,82,2
117467,45753,77,23
117468,45753,79,29
117469,45754,83,2
117470,45754,77,31
117471,45754,78,39
117472,45755,82,2
117473,45755,77,15
117474,45755,78,36
117475,45756,78,51
117528,45773,82,2
117529,45773,78,69
117530,45774,82,2
117531,45774,77,25
117532,45774,78,45
117533,45775,83,2
117534,45775,77,20
117535,45775,79,16
117536,45775,78,18
117537,45776,83,2
117538,45776,77,18
117539,45776,79,23
117540,45777,77,27
117541,45777,79,19
117542,45777,78,23
117543,45778,77,5
117544,45778,78,29
117545,45779,83,2
117546,45779,77,39
117547,45779,79,67
117548,45780,83,2
117549,45780,77,18
117550,45780,79,18
119160,46375,83,2
119161,46375,77,36
119162,46375,78,18
119163,46376,83,2
119164,46376,77,18
119165,46376,79,18
119166,46376,78,18
119167,46377,83,2
119168,46377,77,18
119169,46377,78,36
119170,46378,83,2
119171,46378,77,36
119172,46378,79,72
119173,46379,82,2
119174,46379,77,18
119175,46379,79,36
119176,46380,82,2
119177,46380,77,18
119178,46380,79,36
119179,46381,82,2
119180,46381,77,36
119181,46381,79,27
119182,46382,78,72
119206,46391,83,2
119207,46391,77,36
119208,46391,78,18
119209,46392,83,2
119210,46392,77,18
119211,46392,79,18
119212,46392,78,18
119213,46393,83,2
119214,46393,77,18
119215,46393,78,36
119216,46394,83,2
119217,46394,77,36
119218,46394,79,72
119219,46395,82,2
119220,46395,77,18
119221,46395,79,36
119222,46396,82,2
119223,46396,77,18
119224,46396,79,36
119225,46397,82,2
119226,46397,77,36
119227,46397,79,27
119228,46398,78,72
120137,46776,78,2
120139,46778,78,2
120157,46796,78,2
120158,46797,78,2
120160,46799,78,2
121446,45775,91,2
121447,45774,91,2
125756,48788,90,2
125757,48788,84,26
125758,48788,85,45
125759,48789,90,2
125760,48789,84,18
125761,48789,85,28
125762,48790,90,2
125763,48790,84,34
125764,48790,86,51
125765,48791,90,2
125766,48791,84,23
125767,48791,86,47
125768,48791,87,17
125769,48792,89,2
125770,48792,85,68
125771,48793,84,53
125772,48793,86,53
125773,48794,85,108
125774,48795,90,2
125775,48795,84,26
125776,48795,85,45
125777,48796,90,2
125778,48796,84,18
125779,48796,85,28
125780,48797,90,2
125781,48797,84,34
125782,48797,86,51
125783,48798,90,2
125784,48798,84,23
125785,48798,86,47
125786,48798,87,17
125787,48799,89,2
125788,48799,85,68
125789,48800,84,53
125790,48800,86,53
125791,48801,85,108
125792,48802,90,2
125793,48802,84,19
125794,48802,85,29
125795,48803,90,2
125796,48803,84,43
125797,48803,86,63
125798,48804,90,2
125799,48804,84,29
125800,48804,86,41
125801,48805,89,2
125802,48805,85,111
125803,48806,90,2
125804,48806,84,17
125805,48806,85,27
125806,48807,84,53
125807,48807,86,53
125808,48808,85,108
125809,48809,90,2
125810,48809,84,19
125811,48809,85,29
125812,48810,90,2
125813,48810,84,43
125814,48810,86,63
125815,48811,90,2
125816,48811,84,29
125817,48811,86,41
125818,48812,89,2
125819,48812,85,111
125820,48813,90,2
125821,48813,84,17
125822,48813,85,27
125823,48814,84,53
125824,48814,86,53
125825,48815,89,2
125826,48815,85,108
125850,48824,90,2
125851,48824,84,25
125852,48824,85,34
125853,48825,90,2
125854,48825,85,69
125855,48826,90,2
125856,48826,84,21
125857,48826,85,39
125858,48827,89,2
125859,48827,84,19
125860,48827,86,16
125861,48827,85,17
125862,48828,89,2
125863,48828,85,35
125864,48829,89,2
125865,48829,84,19
125866,48829,86,41
125867,48830,90,2
125868,48830,84,34
125869,48830,86,53
125870,48831,89,2
125871,48831,84,15
125872,48831,85,17
126598,49117,90,2
126599,49117,84,34
126600,49117,86,34
126601,49118,90,2
126602,49118,84,34
126603,49118,85,34
126604,49119,89,2
126605,49119,84,17
126606,49119,85,34
126607,49120,90,2
126608,49120,84,17
126609,49120,86,34
126610,49121,90,2
126611,49121,84,28
126612,49121,86,17
126613,49122,90,2
126614,49122,84,17
126615,49122,86,34
126616,49123,89,2
126617,49123,85,34
126618,49124,85,102
126619,49125,85,102
126642,49135,90,2
126643,49135,84,34
126644,49135,86,34
126645,49136,90,2
126646,49136,84,34
126647,49136,85,34
126648,49137,89,2
126649,49137,84,17
126650,49137,85,34
126651,49138,90,2
126652,49138,84,17
126653,49138,86,34
126654,49139,90,2
126655,49139,84,28
126656,49139,86,17
126657,49140,90,2
126658,49140,84,17
126659,49140,86,34
126660,49141,89,2
126661,49141,85,34
126662,49142,85,102
126663,49143,85,102
128308,49743,85,2
128309,49744,85,2
128310,49745,85,2
128317,49752,85,2
128322,49757,85,2
128406,48827,92,2
128407,48826,92,2
134546,51982,99,2
134547,51982,93,37
134548,51982,95,69
134549,51983,99,2
134550,51983,93,23
134551,51983,94,29
134552,51984,99,2
134553,51984,93,23
134554,51984,95,29
134555,51985,94,72
134556,51986,93,23
134557,51986,95,18
134558,51986,94,29
134559,51987,99,2
134560,51987,93,19
134561,51987,95,33
134562,51988,93,54
134563,51988,95,54
134564,51989,93,0
134565,51989,94,108
134566,51990,99,2
134567,51990,93,37
134568,51990,95,69
134569,51991,99,2
134570,51991,93,23
134571,51991,94,29
134572,51992,99,2
134573,51992,93,23
134574,51992,95,29
134575,51993,94,72
134576,51994,93,23
134577,51994,95,18
134578,51994,94,29
134579,51995,99,2
134580,51995,93,19
134581,51995,95,33
134582,51996,93,54
134583,51996,95,54
134584,51997,98,2
134585,51997,93,0
134586,51997,94,108
134608,52005,98,2
134609,52005,93,18
134610,52005,94,36
134611,52006,99,2
134612,52006,93,25
134613,52006,94,45
134614,52007,99,2
134615,52007,93,19
134616,52007,95,15
134617,52007,94,18
134618,52008,99,2
134619,52008,93,39
134620,52008,95,67
134621,52008,96,18
134622,52009,98,2
134623,52009,93,19
134624,52009,95,33
134625,52010,99,2
134626,52010,93,23
134627,52010,95,29
134628,52011,94,72
134685,52027,98,2
134686,52027,94,69
134687,52028,98,2
134688,52028,93,25
134689,52028,94,45
134690,52029,99,2
134691,52029,93,20
134692,52029,95,16
134693,52029,94,18
134694,52030,99,2
134695,52030,93,18
134696,52030,95,23
134697,52031,93,27
134698,52031,95,19
134699,52031,94,23
134700,52032,93,6
134701,52032,94,30
134702,52033,99,2
134703,52033,93,39
134704,52033,95,67
134705,52034,99,2
134706,52034,93,18
134707,52034,95,36
134731,52043,98,2
134732,52043,94,69
134733,52044,98,2
134734,52044,93,25
134735,52044,94,45
134736,52045,99,2
134737,52045,93,20
134738,52045,95,16
134739,52045,94,18
134740,52046,99,2
134741,52046,93,18
134742,52046,95,23
134743,52047,98,2
134744,52047,93,27
134745,52047,95,19
134746,52047,94,23
134747,52048,93,6
134748,52048,94,30
134749,52049,99,2
134750,52049,93,39
134751,52049,95,67
134752,52050,99,2
134753,52050,93,18
134754,52050,95,36
139684,53693,99,2
139685,53693,93,54
139686,53693,95,72
139687,53694,99,2
139688,53694,93,18
139689,53694,95,36
139690,53695,98,2
139691,53695,93,36
139692,53695,95,18
139693,53696,99,2
139694,53696,93,36
139695,53696,94,36
139696,53697,98,2
139697,53697,93,18
139698,53697,95,36
139699,53698,94,36
139700,53699,94,108
139701,53700,94,108
139720,53709,99,2
139721,53709,93,54
139722,53709,95,72
139723,53710,99,2
139724,53710,93,18
139725,53710,95,36
139726,53711,98,2
139727,53711,93,36
139728,53711,95,18
139729,53712,99,2
139730,53712,93,36
139731,53712,94,36
139732,53713,98,2
139733,53713,93,18
139734,53713,95,36
139735,53714,94,36
139736,53715,94,108
139737,53716,94,108
139972,53802,99,2
139973,53802,93,27
139974,53802,94,36
139975,53803,98,2
139976,53803,94,72
139977,53804,93,6
139978,53804,94,29
139979,53805,99,2
139980,53805,93,36
139981,53805,94,36
139982,53806,98,2
139983,53806,93,36
139984,53807,99,2
139985,53807,93,18
139986,53807,95,36
139987,53808,98,2
139988,53808,93,18
139989,53808,95,36
139990,53808,94,36
139991,53809,99,2
139992,53809,93,36
139993,53809,94,36
139994,53810,98,2
139995,53810,94,36
139996,53811,99,2
139997,53811,93,27
139998,53811,94,36
139999,53812,98,2
140000,53812,94,72
140001,53813,93,6
140002,53813,94,29
140003,53814,99,2
140004,53814,93,36
140005,53814,94,36
140006,53815,98,2
140007,53815,93,36
140008,53816,99,2
140009,53816,93,18
140010,53816,95,36
140011,53817,98,2
140012,53817,93,18
140013,53817,95,36
140014,53817,94,36
140015,53818,99,2
140016,53818,93,36
140017,53818,94,36
140018,53819,98,2
140019,53819,94,36
141122,54207,99,2
141123,54207,93,23
141124,54207,95,47
141125,54208,99,2
141126,54208,93,18
141127,54208,95,18
141128,54209,99,2
141129,54209,93,36
141130,54209,95,36
141131,54210,99,2
141132,54210,93,36
141133,54210,95,54
141134,54210,96,18
141135,54211,98,2
141136,54211,93,36
141137,54211,95,36
141138,54212,93,54
141139,54212,95,54
141141,54213,94,108
141142,54214,99,2
141143,54214,93,23
141144,54214,95,47
141145,54215,99,2
141146,54215,93,18
141147,54215,95,18
141148,54216,99,2
141149,54216,93,36
141150,54216,95,36
141151,54217,99,2
141152,54217,93,36
141153,54217,95,54
141154,54217,96,18
141155,54218,98,2
141156,54218,93,36
141157,54218,95,36
141158,54219,93,54
141159,54219,95,54
141161,54220,94,108
141410,54335,94,2
141436,54361,94,2
141446,54371,94,2
141473,54398,94,2
141474,54399,94,2
141547,52029,107,2
141548,52028,107,2
141558,52045,107,2
141559,52044,107,2
141574,53805,107,2
141575,53814,107,2
144303,55377,105,2
144304,55377,100,32
144305,55377,102,16
144306,55378,106,2
144307,55378,100,16
144308,55378,102,32
144309,55378,104,16
144310,55379,105,2
144311,55379,100,16
144312,55379,101,16
144313,55380,106,2
144314,55380,100,16
144315,55380,102,32
144316,55381,105,2
144317,55381,101,64
144318,55382,106,2
144319,55382,100,26
144320,55382,102,28
144321,55383,101,96
144322,55384,101,96
144343,55393,105,2
144344,55393,100,32
144345,55393,102,16
144346,55394,106,2
144347,55394,100,16
144348,55394,102,32
144349,55394,104,16
144350,55395,105,2
144351,55395,100,16
144352,55395,101,16
144353,55396,106,2
144354,55396,100,16
144355,55396,102,32
144356,55397,105,2
144357,55397,101,64
144358,55398,106,2
144359,55398,100,26
144360,55398,102,28
144361,55399,101,96
144362,55400,101,96
144558,55480,106,2
144559,55480,101,32
144560,55481,105,2
144561,55481,101,33
144562,55482,105,2
144563,55482,100,32
144564,55482,101,32
144565,55483,106,2
144566,55483,100,32
144567,55483,102,32
144568,55483,101,32
144569,55484,106,2
144570,55484,100,16
144571,55484,102,32
144572,55484,101,32
144573,55485,106,2
144574,55485,100,32
144575,55485,101,32
144576,55486,105,2
144577,55486,100,16
144578,55486,102,32
144579,55487,106,2
144580,55487,101,32
144581,55488,105,2
144582,55488,101,33
144583,55489,105,2
144584,55489,100,32
144585,55489,101,32
144586,55490,106,2
144587,55490,100,32
144588,55490,102,32
144589,55490,101,32
144590,55491,106,2
144591,55491,100,16
144592,55491,102,32
144593,55491,101,32
144594,55492,106,2
144595,55492,100,32
144596,55492,101,32
144597,55493,105,2
144598,55493,100,16
144599,55493,102,32
150205,57417,105,2
150206,57417,100,18
150207,57417,101,26
150208,57418,100,50
150209,57418,102,52
150210,57419,102,102
150211,57420,105,2
150212,57420,100,16
150213,57420,101,28
150214,57421,106,2
150215,57421,100,34
150216,57421,102,56
150217,57422,106,2
150218,57422,100,34
150219,57422,101,40
150220,57423,106,2
150221,57423,100,34
150222,57423,101,30
150223,57424,105,2
150224,57424,101,68
150225,57425,100,18
150226,57425,101,26
150227,57426,105,2
150228,57426,101,36
150229,57427,106,2
150230,57427,101,54
150231,57428,105,2
150232,57428,101,32
150233,57429,106,2
150234,57429,100,34
150235,57429,101,64
150236,57430,105,2
150237,57430,100,10
150238,57430,101,16
150239,57431,106,2
150240,57431,100,34
150241,57431,102,54
150242,57432,105,2
150243,57432,100,20
150244,57432,102,16
150245,57432,101,18
150267,57441,106,2
150268,57441,100,18
150269,57441,101,26
150270,57442,105,2
150271,57442,101,36
150272,57443,106,2
150273,57443,101,54
150274,57444,105,2
150275,57444,101,32
150276,57445,106,2
150277,57445,100,34
150278,57445,101,64
150279,57446,105,2
150280,57446,100,10
150281,57446,101,16
150282,57447,106,2
150283,57447,100,34
150284,57447,102,54
150285,57448,105,2
150286,57448,100,20
150287,57448,102,16
150288,57448,101,18
150549,57537,106,2
150550,57537,100,25
150551,57537,102,27
150552,57538,106,2
150553,57538,100,21
150554,57538,101,29
150555,57539,105,2
150556,57539,100,9
150557,57539,102,19
150558,57540,105,2
150559,57540,100,15
150560,57540,101,23
150561,57541,106,2
150562,57541,100,5
150563,57541,102,47
150564,57542,106,2
150565,57542,100,25
150566,57542,102,27
150567,57543,106,2
150568,57543,100,21
150569,57543,101,29
150570,57544,105,2
150571,57544,100,9
150572,57544,102,19
150573,57545,105,2
150574,57545,100,15
150575,57545,101,23
150576,57546,106,2
150577,57546,100,5
150578,57546,102,47
150619,57587,101,2
150625,57593,101,2
150667,57635,101,2
150668,57636,101,2
150670,57638,101,2
150741,55482,108,2
150747,55489,108,2
150772,57432,108,2
150773,57429,108,2
150776,57448,108,2
150777,57445,108,2
150802,57668,106,2
150803,57668,100,34
150804,57668,102,52
150805,57669,106,2
150806,57669,100,24
150807,57669,102,48
150808,57669,103,18
150809,57670,100,50
150810,57670,102,52
150811,57671,102,102
150812,57672,106,2
150813,57672,100,26
150814,57672,101,46
150815,57673,106,2
150816,57673,100,18
150817,57673,101,28
150818,57674,105,2
150819,57674,101,68
150820,57675,106,2
150821,57675,100,34
150822,57675,102,52
150823,57676,106,2
150824,57676,100,24
150825,57676,102,48
150826,57676,103,18
150827,57677,100,50
150828,57677,102,52
150829,57678,102,102
150830,57679,106,2
150831,57679,100,26
150832,57679,101,46
150833,57680,106,2
150834,57680,100,18
150835,57680,101,28
150836,57681,105,2
150837,57681,101,68
156637,59824,114,2
156638,59824,109,18
156639,59824,110,36
156640,59825,115,2
156641,59825,109,36
156642,59825,111,36
156643,59825,110,36
156644,59826,115,2
156645,59826,109,18
156646,59826,110,36
156647,59827,115,2
156648,59827,109,36
156649,59827,111,18
156650,59827,110,36
156651,59828,114,2
156652,59828,109,18
156653,59828,110,36
156654,59829,115,2
156655,59829,109,20
156656,59829,111,16
156657,59829,110,18
156658,59830,110,72
156697,59844,114,2
156698,59844,110,72
156699,59845,115,2
156700,59845,109,36
156701,59845,110,34
156702,59846,109,6
156703,59846,110,30
156704,59847,114,2
156705,59847,109,18
156706,59847,110,36
156707,59848,114,2
156708,59848,109,36
156709,59848,111,36
156710,59848,110,18
156711,59849,115,2
156712,59849,109,18
156713,59849,111,18
156714,59849,110,36
156715,59850,109,18
156716,59850,110,36
156717,59851,114,2
156718,59851,109,8
156719,59851,110,28
156720,59852,114,2
156721,59852,110,72
156722,59853,115,2
156723,59853,109,36
156724,59853,110,34
156725,59854,109,6
156726,59854,110,30
156727,59855,114,2
156728,59855,109,18
156729,59855,110,36
156730,59856,114,2
156731,59856,109,36
156732,59856,111,36
156733,59856,110,18
156734,59857,115,2
156735,59857,109,18
156736,59857,111,18
156737,59857,110,36
156738,59858,109,18
156739,59858,110,36
156740,59859,114,2
156741,59859,109,8
156742,59859,110,28
156800,59881,115,2
156801,59881,109,23
156802,59881,111,47
156803,59882,115,2
156804,59882,109,18
156805,59882,111,18
156806,59883,115,2
156807,59883,109,36
156808,59883,111,36
156809,59884,115,2
156810,59884,109,36
156811,59884,111,54
156812,59884,112,18
156813,59885,114,2
156814,59885,109,36
156815,59885,111,36
156816,59886,109,49
156817,59886,111,57
156818,59887,110,108
156819,59888,115,2
156820,59888,109,23
156821,59888,111,47
156822,59889,115,2
156823,59889,109,18
156824,59889,111,18
156825,59890,115,2
156826,59890,109,36
156827,59890,111,36
156828,59891,115,2
156829,59891,109,36
156830,59891,111,54
156831,59891,112,18
156832,59892,114,2
156833,59892,109,36
156834,59892,111,36
156835,59893,109,49
156836,59893,111,57
156837,59894,110,108
156859,59903,115,2
156860,59903,109,18
156861,59903,111,11
156862,59903,110,15
156863,59904,114,2
156864,59904,109,36
156865,59904,110,36
156866,59905,115,2
156867,59905,109,33
156868,59905,111,41
156869,59906,115,2
156870,59906,109,54
156871,59906,111,36
156872,59907,110,72
156873,59908,115,2
156874,59908,109,23
156875,59908,111,18
156876,59908,110,29
156877,59909,109,49
156878,59909,111,57
156879,59910,110,108
156880,59911,114,2
156881,59911,109,18
156882,59911,110,27
156883,59912,114,2
156884,59912,109,19
156885,59912,111,36
156886,59913,115,2
156887,59913,109,36
156888,59913,111,36
156889,59914,115,2
156890,59914,109,39
156891,59914,111,67
156892,59914,112,18
156893,59915,115,2
156894,59915,109,23
156895,59915,111,29
156896,59916,115,2
156897,59916,109,11
156898,59916,111,11
156899,59916,110,11
156900,59917,110,72
156922,59925,114,2
156923,59925,109,18
156924,59925,110,27
156925,59926,114,2
156926,59926,109,19
156927,59926,111,36
156928,59927,115,2
156929,59927,109,36
156930,59927,111,36
156931,59928,115,2
156932,59928,109,39
156933,59928,111,67
156934,59928,112,18
156935,59929,115,2
156936,59929,109,23
156937,59929,111,29
156938,59930,115,2
156939,59930,109,11
156940,59930,111,11
156941,59930,110,11
156942,59931,110,72
156997,59951,114,2
156998,59951,110,49
156999,59952,109,6
157000,59952,110,30
157001,59953,115,2
157002,59953,109,36
157003,59953,110,33
157004,59954,115,2
157005,59954,109,39
157006,59954,111,67
157007,59955,115,2
157008,59955,109,36
157009,59955,111,23
157010,59956,115,2
157011,59956,109,18
157012,59956,111,36
157013,59957,109,27
157014,59957,111,19
157015,59957,110,23
157016,59958,114,2
157017,59958,110,49
157018,59959,109,6
157019,59959,110,30
157020,59960,115,2
157021,59960,109,36
157022,59960,110,33
157023,59961,115,2
157024,59961,109,39
157025,59961,111,67
157026,59962,115,2
157027,59962,109,36
157028,59962,111,23
157029,59963,115,2
157030,59963,109,18
157031,59963,111,36
157032,59964,109,27
157033,59964,111,19
157034,59964,110,23
157035,59965,114,2
157036,59965,110,49
157037,59966,109,6
157038,59966,110,30
157039,59967,115,2
157040,59967,109,36
157041,59967,110,33
157042,59968,115,2
157043,59968,109,39
157044,59968,111,67
157045,59969,115,2
157046,59969,109,36
157047,59969,111,23
157048,59970,115,2
157049,59970,109,18
157050,59970,111,36
157051,59971,109,27
157052,59971,111,19
157053,59971,110,23
164845,62576,114,2
164846,62576,109,18
164847,62576,110,36
164848,62577,115,2
164849,62577,109,18
164850,62577,111,36
164851,62577,110,18
164852,62578,114,2
164853,62578,109,18
164854,62578,111,36
164855,62579,115,2
164856,62579,109,36
164857,62579,111,36
164858,62580,115,2
164859,62580,109,18
164860,62580,111,18
164861,62580,110,30
164862,62580,113,6
164863,62581,114,2
164864,62581,109,12
164865,62581,111,38
164866,62582,110,108
164867,62583,110,108
164891,62592,114,2
164892,62592,109,18
164893,62592,110,36
164894,62593,115,2
164895,62593,109,18
164896,62593,111,36
164897,62593,110,18
164898,62594,114,2
164899,62594,109,18
164900,62594,111,36
164901,62595,115,2
164902,62595,109,36
164903,62595,111,36
164904,62596,115,2
164905,62596,109,18
164906,62596,111,18
164907,62596,110,30
164908,62596,113,6
164909,62597,114,2
164910,62597,109,12
164911,62597,111,38
164912,62598,110,108
164913,62599,110,108
164968,62624,114,2
164969,62624,109,18
164970,62624,110,36
164971,62625,115,2
164972,62625,109,36
164973,62625,110,36
164974,62626,114,2
164975,62626,109,18
164976,62626,110,36
164977,62627,115,2
164978,62627,109,36
164979,62627,110,36
164980,62628,115,2
164981,62628,109,36
164982,62628,111,36
164983,62629,114,2
164984,62629,109,18
164985,62629,111,36
164986,62630,114,2
164987,62630,109,36
164988,62630,111,36
164989,62631,110,72
164990,62632,114,2
164991,62632,109,18
164992,62632,110,36
164993,62633,115,2
164994,62633,109,36
164995,62633,110,36
164996,62634,114,2
164997,62634,109,18
164998,62634,110,36
164999,62635,115,2
165000,62635,109,36
165001,62635,110,36
165002,62636,115,2
165003,62636,109,36
165004,62636,111,36
165005,62637,114,2
165006,62637,109,18
165007,62637,111,36
165008,62638,114,2
165009,62638,109,36
165010,62638,111,36
165011,62639,110,72
165064,62658,115,2
165065,62658,109,18
165066,62658,110,25
165067,62659,114,2
165068,62659,110,43
165069,62660,109,5
165070,62660,110,30
165071,62661,115,2
165072,62661,109,36
165073,62661,110,54
165074,62662,114,2
165075,62662,109,10
165076,62662,110,16
165077,62663,114,2
165078,62663,109,18
165079,62663,111,36
165080,62664,115,2
165081,62664,109,18
165082,62664,111,36
165083,62665,115,2
165084,62665,109,28
165085,62665,110,36
165086,62666,114,2
165087,62666,109,36
165088,62667,114,2
165089,62667,110,36
165090,62668,115,2
165091,62668,109,18
165092,62668,110,25
165093,62669,114,2
165094,62669,110,43
165095,62670,109,5
165096,62670,110,30
165097,62671,115,2
165098,62671,109,36
165099,62671,110,54
165100,62672,114,2
165101,62672,109,10
165102,62672,110,16
165103,62673,114,2
165104,62673,109,18
165105,62673,111,36
165106,62674,115,2
165107,62674,109,18
165108,62674,111,36
165109,62675,115,2
165110,62675,109,28
165111,62675,110,36
165112,62676,114,2
165113,62676,109,36
165114,62677,114,2
165115,62677,110,36
165116,62678,115,2
165117,62678,109,18
165118,62678,110,25
165119,62679,114,2
165120,62679,110,43
165121,62680,109,5
165122,62680,110,30
165123,62681,115,2
165124,62681,109,36
165125,62681,110,54
165126,62682,114,2
165127,62682,109,10
165128,62682,110,16
165129,62683,114,2
165130,62683,109,18
165131,62683,111,36
165132,62684,115,2
165133,62684,109,18
165134,62684,111,36
165135,62685,115,2
165136,62685,109,28
165137,62685,110,36
165138,62686,114,2
165139,62686,109,36
165140,62687,114,2
165141,62687,110,36
165921,63012,110,2
165922,63013,110,2
165923,63014,110,2
165924,63015,110,2
165931,63022,110,2
165932,63023,110,2
165934,63025,110,2
165940,63031,110,2
165941,63032,110,2
165942,63033,110,2
165949,63040,110,2
165954,63045,110,2
165955,63046,110,2
166039,62661,123,2
166040,59845,123,2
166045,62671,123,2
166046,59853,123,2
166050,62681,123,2
166051,59953,123,2
166056,59960,123,2
166060,59967,123,2
170951,65044,121,2
170952,65044,116,18
170953,65044,117,18
170954,65045,122,2
170955,65045,116,27
170956,65045,118,26
170957,65045,117,18
170958,65046,122,2
170959,65046,116,20
170960,65046,118,32
170961,65047,121,2
170962,65047,116,26
170963,65047,118,27
170964,65048,122,2
170965,65048,116,18
170966,65048,118,36
170967,65048,117,18
170968,65049,121,2
170969,65049,116,18
170970,65049,117,18
170971,65050,122,2
170972,65050,116,27
170973,65050,118,26
170974,65050,117,18
170975,65051,122,2
170976,65051,116,20
170977,65051,118,32
170978,65052,121,2
170979,65052,116,26
170980,65052,118,27
170981,65053,122,2
170982,65053,116,18
170983,65053,118,36
170984,65053,117,18
171180,65129,122,2
171181,65129,116,16
171182,65129,117,34
171183,65130,122,2
171184,65130,116,34
171185,65130,118,34
171186,65131,121,2
171187,65131,116,16
171188,65131,117,34
171189,65132,122,2
171190,65132,116,16
171191,65132,118,334
171192,65133,122,2
171193,65133,116,34
171194,65133,118,34
171195,65134,116,34
171196,65134,118,34
171197,65135,121,2
171198,65135,117,68
171199,65136,117,102
171200,65137,117,102
171201,65138,122,2
171202,65138,116,16
171203,65138,117,34
171204,65139,122,2
171205,65139,116,34
171206,65139,118,34
171207,65140,121,2
171208,65140,116,16
171209,65140,117,34
171210,65141,122,2
171211,65141,116,16
171212,65141,118,334
171213,65142,122,2
171214,65142,116,34
171215,65142,118,34
171216,65143,116,34
171217,65143,118,34
171218,65144,121,2
171219,65144,117,68
171220,65145,117,102
171221,65146,117,102
171315,65186,122,2
171316,65186,117,52
171317,65187,121,2
171318,65187,117,34
171319,65188,122,2
171320,65188,116,34
171321,65188,117,52
171322,65189,122,2
171323,65189,116,16
171324,65189,117,34
171325,65190,122,2
171326,65190,116,34
171327,65190,117,34
171328,65191,121,2
171329,65191,116,16
171330,65191,118,34
171331,65192,116,36
171332,65192,118,36
171333,65193,121,2
171334,65193,117,34
171335,65194,122,2
171336,65194,117,52
171337,65195,121,2
171338,65195,117,34
171339,65196,122,2
171340,65196,116,34
171341,65196,117,52
171342,65197,122,2
171343,65197,116,16
171344,65197,117,34
171345,65198,122,2
171346,65198,116,34
171347,65198,117,34
171348,65199,121,2
171349,65199,116,16
171350,65199,118,34
171351,65200,116,36
171352,65200,118,36
171353,65201,121,2
171354,65201,117,34
171355,65202,122,2
171356,65202,117,52
171357,65203,121,2
171358,65203,117,34
171359,65204,122,2
171360,65204,116,34
171361,65204,117,52
171362,65205,122,2
171363,65205,116,16
171364,65205,117,34
171365,65206,122,2
171366,65206,116,34
171367,65206,117,34
171368,65207,121,2
171369,65207,116,16
171370,65207,118,34
171371,65208,116,36
171372,65208,118,36
171373,65209,121,2
171374,65209,117,34
174310,66248,121,2
174311,66248,116,16
174312,66248,117,34
174313,66249,121,2
174314,66249,116,16
174315,66249,117,34
174316,66250,122,2
174317,66250,116,34
174318,66250,117,34
174319,66251,122,2
174320,66251,116,16
174321,66251,117,34
174322,66252,122,2
174323,66252,116,34
174324,66252,118,16
174325,66252,117,16
174326,66252,119,16
174327,66253,121,2
174328,66253,117,68
174329,66254,117,102
174330,66255,117,102
174352,66264,122,2
174353,66264,116,18
174354,66264,117,26
174355,66265,122,2
174356,66265,117,68
174357,66266,122,2
174358,66266,116,34
174359,66266,117,32
174360,66267,121,2
174361,66267,117,34
174362,66268,121,2
174363,66268,116,16
174364,66268,117,18
174365,66269,122,2
174366,66269,116,34
174367,66269,118,34
174368,66269,119,16
174369,66270,116,16
174370,66270,118,34
174371,66271,121,2
174372,66271,116,34
174373,66271,118,28
174374,66271,117,28
174375,66272,122,2
174376,66272,116,18
174377,66272,117,26
174378,66273,122,2
174379,66273,117,68
174380,66274,122,2
174381,66274,116,34
174382,66274,117,32
174383,66275,121,2
174384,66275,117,34
174385,66276,121,2
174386,66276,116,16
174387,66276,117,18
174388,66277,122,2
174389,66277,116,34
174390,66277,118,34
174391,66277,119,16
174392,66278,116,16
174393,66278,118,34
174394,66279,121,2
174395,66279,116,34
174396,66279,118,28
174397,66279,117,28
174437,66293,122,2
174438,66293,116,25
174439,66293,118,27
174440,66294,122,2
174441,66294,116,22
174442,66294,117,29
174443,66295,121,2
174444,66295,116,15
174445,66295,117,23
174446,66296,121,2
174447,66296,116,9
174448,66296,118,19
174449,66297,122,2
174450,66297,116,5
174451,66297,118,47
174452,66298,121,2
174453,66298,116,17
174454,66298,117,17
174455,66299,122,2
174456,66299,116,25
174457,66299,118,27
174458,66300,122,2
174459,66300,116,22
174460,66300,117,29
174461,66301,121,2
174462,66301,116,15
174463,66301,117,23
174464,66302,121,2
174465,66302,116,9
174466,66302,118,19
174467,66303,122,2
174468,66303,116,5
174469,66303,118,47
174470,66304,121,2
174471,66304,116,17
174472,66304,117,17
174493,66313,121,2
174494,66313,116,15
174495,66313,117,27
174496,66314,121,2
174497,66314,116,17
174498,66314,117,27
174499,66315,122,2
174500,66315,116,17
174501,66315,117,27
174502,66316,122,2
174503,66316,116,34
174504,66316,118,39
174505,66317,122,2
174506,66317,116,34
174507,66317,118,47
174508,66317,119,17
174509,66318,121,2
174510,66318,117,68
174511,66319,117,96
174512,66320,117,96
174513,66321,121,2
174514,66321,116,18
174515,66321,117,25
174516,66322,121,2
174517,66322,116,15
174518,66322,117,27
174519,66323,122,2
174520,66323,116,34
174521,66323,117,39
174522,66324,122,2
174523,66324,116,34
174524,66324,117,29
174525,66325,122,2
174526,66325,116,34
174527,66325,118,55
174528,66326,121,2
174529,66326,117,68
174530,66327,116,46
174531,66327,118,56
174532,66328,117,96
174553,66337,121,2
174554,66337,116,18
174555,66337,117,25
174556,66338,116,15
174557,66338,117,27
174558,66339,122,2
174559,66339,116,34
174560,66339,117,39
174561,66340,122,2
174562,66340,116,34
174563,66340,117,29
174564,66341,122,2
174565,66341,116,34
174566,66341,118,55
174567,66342,121,2
174568,66342,117,68
174569,66343,116,46
174570,66343,118,56
174571,66344,117,96
174572,66345,122,2
174573,66345,116,18
174574,66345,117,25
174575,66346,122,2
174576,66346,117,54
174577,66347,121,2
174578,66347,117,34
174579,66348,122,2
174580,66348,116,34
174581,66348,117,31
174582,66349,121,2
174583,66349,116,15
174584,66349,117,17
174585,66350,122,2
174586,66350,116,34
174587,66350,118,53
174588,66351,121,2
174589,66351,116,34
174590,66351,118,27
174591,66351,117,27
174592,66352,121,2
174593,66352,116,7
174594,66352,117,28
174595,66353,122,2
174596,66353,116,18
174597,66353,117,25
174598,66354,122,2
174599,66354,117,54
174600,66355,121,2
174601,66355,117,34
174602,66356,122,2
174603,66356,116,34
174604,66356,117,31
174605,66357,121,2
174606,66357,116,15
174607,66357,117,17
174608,66358,122,2
174609,66358,116,34
174610,66358,118,53
174611,66359,121,2
174612,66359,116,34
174613,66359,118,27
174614,66359,117,27
174615,66360,121,2
174616,66360,116,7
174617,66360,117,28
174618,66361,122,2
174619,66361,116,18
174620,66361,117,25
174621,66362,122,2
174622,66362,117,54
174623,66363,121,2
174624,66363,117,34
174625,66364,122,2
174626,66364,116,34
174627,66364,117,31
174628,66365,121,2
174629,66365,116,15
174630,66365,117,17
174631,66366,122,2
174632,66366,116,34
174633,66366,118,53
174634,66367,121,2
174635,66367,116,34
174636,66367,118,27
174637,66367,117,27
174638,66368,121,2
174639,66368,116,7
174640,66368,117,28
177584,67447,117,2
177585,67448,117,2
177587,67450,117,2
177588,67451,117,2
177589,67452,117,2
177604,67467,117,2
177606,67469,117,2
177607,67470,117,2
177608,67471,117,2
177610,67473,117,2
177611,67474,117,2
177612,67475,117,2
177613,67476,117,2
177701,65188,124,2
177702,65196,124,2
177703,65204,124,2
177714,66271,124,2
177715,66266,124,2
177716,66279,124,2
177717,66274,124,2
177718,66351,124,2
177719,66348,124,2
177720,66359,124,2
177721,66356,124,2
177722,66367,124,2
177723,66364,124,2
192559,73059,131,2
192560,73059,125,18
192561,73059,126,18
192562,73059,127,12
192563,73060,131,2
192564,73060,125,36
192565,73060,126,54
192566,73061,131,2
192567,73061,125,36
192568,73061,127,36
192569,73062,131,2
192570,73062,125,36
192571,73062,127,36
192572,73063,126,72
192573,73064,126,108
192574,73065,126,108
192575,73066,131,2
192576,73066,125,36
192577,73066,127,36
192596,73074,130,2
192597,73074,125,18
192598,73074,126,36
192599,73075,131,2
192600,73075,125,36
192601,73075,126,36
192602,73075,127,18
192603,73076,131,2
192604,73076,125,18
192605,73076,126,36
192606,73077,130,2
192607,73077,125,18
192608,73077,126,36
192609,73078,131,2
192610,73078,125,36
192611,73078,126,36
192612,73078,127,36
192613,73079,131,2
192614,73079,125,26
192615,73079,126,28
192616,73079,127,16
192617,73080,126,72
192639,73089,130,2
192640,73089,125,18
192641,73089,126,36
192642,73090,131,2
192643,73090,125,36
192644,73090,126,36
192645,73090,127,18
192646,73091,131,2
192647,73091,125,18
192648,73091,126,36
192649,73092,130,2
192650,73092,125,18
192651,73092,126,36
192652,73093,131,2
192653,73093,125,36
192654,73093,126,36
192655,73093,127,36
192656,73094,131,2
192657,73094,125,26
192658,73094,126,28
192659,73094,127,16
192660,73095,126,72
192891,73181,130,2
192892,73181,125,26
192893,73181,126,18
192894,73181,127,12
192895,73182,130,2
192896,73182,125,36
192897,73182,127,36
192898,73183,131,2
192899,73183,125,28
192900,73183,127,36
192901,73184,131,2
192902,73184,125,36
192903,73184,127,36
192904,73185,131,2
192905,73185,125,18
192906,73185,127,36
192907,73186,131,2
192908,73186,125,18
192909,73186,126,18
192910,73186,127,20
192911,73187,125,54
192912,73187,127,54
192913,73188,125,54
192914,73188,127,54
192930,73194,131,2
192931,73194,125,18
192932,73194,126,18
192933,73194,127,12
192934,73195,130,2
192935,73195,125,36
192936,73195,126,36
192937,73196,131,2
192938,73196,125,36
192939,73196,127,40
192940,73197,131,2
192941,73197,125,54
192942,73197,127,36
192943,73198,126,72
192944,73199,131,2
192945,73199,125,26
192946,73199,126,26
192947,73199,127,20
192948,73200,125,54
192949,73200,127,54
192950,73201,125,54
192951,73201,127,54
193018,73226,131,2
193019,73226,125,18
193020,73226,126,18
193021,73226,127,12
193022,73227,130,2
193023,73227,125,36
193024,73227,126,36
193025,73228,131,2
193026,73228,125,36
193027,73228,127,40
193028,73229,131,2
193029,73229,125,54
193030,73229,127,36
193031,73230,126,72
193032,73231,131,2
193033,73231,125,26
193034,73231,126,26
193035,73231,127,20
193036,73232,125,54
193037,73232,127,54
193038,73233,125,54
193039,73233,127,54
193062,73242,130,2
193063,73242,125,18
193064,73242,126,28
193065,73243,131,2
193066,73243,125,36
193067,73243,127,40
193068,73244,131,2
193069,73244,125,36
193070,73244,127,72
193071,73244,128,20
193072,73245,130,2
193073,73245,125,18
193074,73245,127,26
193075,73246,131,2
193076,73246,125,26
193077,73246,127,32
193078,73247,131,2
193079,73247,125,26
193080,73247,126,26
193081,73247,127,16
193082,73248,126,72
193104,73257,130,2
193105,73257,125,18
193106,73257,126,28
193107,73258,131,2
193108,73258,125,36
193109,73258,127,40
193110,73259,131,2
193111,73259,125,36
193112,73259,127,72
193113,73259,128,20
193114,73260,130,2
193115,73260,125,18
193116,73260,127,26
193117,73261,131,2
193118,73261,125,26
193119,73261,127,32
193120,73262,131,2
193121,73262,125,26
193122,73262,126,26
193123,73262,127,16
193124,73263,126,72
193146,73272,130,2
193147,73272,125,18
193148,73272,126,28
193149,73273,131,2
193150,73273,125,36
193151,73273,127,40
193152,73274,131,2
193153,73274,125,36
193154,73274,127,72
193155,73274,128,20
193156,73275,130,2
193157,73275,125,18
193158,73275,127,26
193159,73276,131,2
193160,73276,125,26
193161,73276,127,32
193162,73277,131,2
193163,73277,125,26
193164,73277,126,26
193165,73277,127,16
193166,73278,126,72
195106,74012,130,2
195107,74012,125,18
195108,74012,126,18
195109,74013,130,2
195110,74013,125,36
195111,74013,127,18
195112,74014,131,2
195113,74014,125,36
195114,74014,126,36
195115,74015,131,2
195116,74015,125,54
195117,74015,127,72
195118,74016,130,2
195119,74016,125,18
195120,74016,127,36
195121,74017,126,72
195122,74018,126,108
195123,74019,126,108
195146,74028,130,2
195147,74028,125,18
195148,74028,126,18
195149,74029,130,2
195150,74029,125,36
195151,74029,127,18
195152,74030,131,2
195153,74030,125,36
195154,74030,126,36
195155,74031,131,2
195156,74031,125,54
195157,74031,127,72
195158,74032,130,2
195159,74032,125,18
195160,74032,127,36
195161,74033,126,72
195162,74034,126,108
195163,74035,126,108
195226,74060,130,2
195227,74060,125,18
195228,74060,126,26
195229,74061,130,2
195230,74061,125,18
195231,74061,126,26
195232,74062,130,2
195233,74062,125,18
195234,74062,126,26
195235,74063,131,2
195236,74063,125,36
195237,74063,126,36
195238,74064,131,2
195239,74064,125,28
195240,74064,126,54
195241,74065,131,2
195242,74065,125,28
195243,74065,127,36
195244,74066,130,2
195245,74066,125,18
195246,74066,127,36
195247,74067,130,2
195248,74067,125,28
195249,74067,127,36
195250,74068,126,72
195270,74077,130,2
195271,74077,125,18
195272,74077,126,26
195273,74078,130,2
195274,74078,125,18
195275,74078,126,26
195276,74079,130,2
195277,74079,125,18
195278,74079,126,26
195279,74080,131,2
195280,74080,125,36
195281,74080,126,36
195282,74081,131,2
195283,74081,125,28
195284,74081,126,54
195285,74082,131,2
195286,74082,125,28
195287,74082,127,36
195288,74083,130,2
195289,74083,125,18
195290,74083,127,36
195291,74084,130,2
195292,74084,125,28
195293,74084,127,36
195294,74085,126,72
195314,74094,130,2
195315,74094,125,18
195316,74094,126,26
195317,74095,130,2
195318,74095,125,18
195319,74095,126,26
195320,74096,130,2
195321,74096,125,18
195322,74096,126,26
195323,74097,131,2
195324,74097,125,36
195325,74097,126,36
195326,74098,131,2
195327,74098,125,28
195328,74098,126,54
195329,74099,131,2
195330,74099,125,28
195331,74099,127,36
195332,74100,130,2
195333,74100,125,18
195334,74100,127,36
195335,74101,130,2
195336,74101,125,28
195337,74101,127,36
195338,74102,126,72
199828,75782,126,2
199829,75783,126,2
199830,75784,126,2
199843,75797,126,2
199844,75798,126,2
199846,75800,126,2
199847,75801,126,2
199848,75802,126,2
200070,73079,139,2
200071,73094,139,2
200072,73247,139,2
200073,73262,139,2
200074,73277,139,2
204812,77588,137,2
204813,77588,132,16
204814,77588,133,24
204815,77589,137,2
204816,77589,132,16
204817,77589,133,24
204818,77590,138,2
204819,77590,132,32
204820,77590,133,32
204821,77590,134,32
204822,77591,138,2
204823,77591,132,32
204824,77591,133,16
204825,77591,134,16
204826,77592,137,2
204827,77592,133,64
204828,77593,133,96
204829,77594,133,96
204830,77595,137,2
204831,77595,132,16
204832,77595,133,32
204833,77596,137,2
204834,77596,132,16
204835,77596,133,32
204836,77597,138,2
204837,77597,132,32
204838,77597,133,32
204839,77598,138,2
204840,77598,132,32
204841,77598,133,16
204842,77598,134,16
204843,77598,136,16
204844,77599,138,2
204845,77599,132,16
204846,77599,133,32
204847,77600,137,2
204848,77600,133,64
204849,77601,133,96
204850,77602,133,96
204851,77603,137,2
204852,77603,132,16
204853,77603,133,32
204854,77604,137,2
204855,77604,132,16
204856,77604,133,32
204857,77605,138,2
204858,77605,132,32
204859,77605,133,32
204860,77606,138,2
204861,77606,132,32
204862,77606,133,16
204863,77606,134,16
204864,77606,136,16
204865,77607,138,2
204866,77607,132,16
204867,77607,133,32
204868,77608,137,2
204869,77608,133,64
204870,77609,133,96
204871,77610,133,96
204951,77641,138,2
204952,77641,132,18
204953,77641,134,20
204954,77642,137,2
204955,77642,132,10
204956,77642,134,20
204957,77643,138,2
204958,77643,132,8
204959,77643,133,64
204960,77644,138,2
204961,77644,132,28
204962,77644,134,26
204963,77645,137,2
204964,77645,132,18
204965,77645,133,18
204966,77646,137,2
204967,77646,132,16
204968,77646,133,24
204969,77647,137,2
204970,77647,132,16
204971,77647,133,32
204972,77648,138,2
204973,77648,132,16
204974,77648,133,32
204975,77649,138,2
204976,77649,132,32
204977,77649,134,40
204978,77650,138,2
204979,77650,132,32
204980,77650,134,48
204981,77650,135,16
204982,77651,137,2
204983,77651,133,64
204984,77652,132,48
204985,77652,134,48
204986,77653,132,48
204987,77653,134,48
205010,77662,137,2
205011,77662,132,16
205012,77662,133,24
205013,77663,137,2
205014,77663,132,16
205015,77663,133,32
205016,77664,138,2
205017,77664,132,16
205018,77664,133,32
205019,77665,138,2
205020,77665,132,32
205021,77665,134,40
205022,77666,138,2
205023,77666,132,32
205024,77666,134,48
205025,77666,135,16
205026,77667,137,2
205027,77667,133,64
205028,77668,132,48
205029,77668,134,48
205030,77669,132,48
205031,77669,134,48
205032,77670,137,2
205033,77670,132,16
205034,77670,133,24
205035,77671,137,2
205036,77671,132,16
205037,77671,133,32
205038,77672,138,2
205039,77672,132,32
205040,77672,133,40
205041,77673,138,2
205042,77673,132,32
205043,77673,133,32
205044,77674,138,2
205045,77674,132,32
205046,77674,134,56
205047,77675,137,2
205048,77675,133,64
205049,77676,132,48
205050,77676,134,48
205051,77677,132,48
205052,77677,134,48
205053,77678,137,2
205054,77678,132,16
205055,77678,133,24
205056,77679,137,2
205057,77679,132,16
205058,77679,133,32
205059,77680,138,2
205060,77680,132,32
205061,77680,133,40
205062,77681,138,2
205063,77681,132,32
205064,77681,133,32
205065,77682,138,2
205066,77682,132,32
205067,77682,134,56
205068,77683,137,2
205069,77683,133,64
205070,77684,132,48
205071,77684,134,48
205072,77685,132,48
205073,77685,134,48
205074,77686,137,2
205075,77686,132,16
205076,77686,133,24
205077,77687,137,2
205078,77687,132,16
205079,77687,133,32
205080,77688,138,2
205081,77688,132,32
205082,77688,133,40
205083,77689,138,2
205084,77689,132,32
205085,77689,133,32
205086,77690,138,2
205087,77690,132,32
205088,77690,134,56
205089,77691,137,2
205090,77691,133,64
205091,77692,132,48
205092,77692,134,48
205093,77693,132,48
205094,77693,134,48
205948,78026,137,2
205949,78026,132,34
205950,78026,134,16
205951,78027,138,2
205952,78027,132,34
205953,78027,133,16
205954,78027,134,18
205955,78028,138,2
205956,78028,132,16
205957,78028,133,18
205958,78028,134,34
205959,78028,136,6
205960,78029,138,2
205961,78029,132,16
205962,78029,134,34
205963,78030,137,2
205964,78030,133,68
205965,78031,138,2
205966,78031,132,26
205967,78031,134,28
205968,78032,133,102
205969,78033,133,102
205970,78034,137,2
205971,78034,132,34
205972,78034,134,16
205973,78035,138,2
205974,78035,132,34
205975,78035,133,16
205976,78035,134,18
205977,78036,138,2
205978,78036,132,16
205979,78036,133,18
205980,78036,134,34
205981,78036,136,6
205982,78037,138,2
205983,78037,132,16
205984,78037,134,34
205985,78038,137,2
205986,78038,133,68
205987,78039,138,2
205988,78039,132,26
205989,78039,134,28
205990,78040,133,102
205991,78041,133,102
206014,78050,137,2
206015,78050,132,20
206016,78050,134,34
206017,78051,138,2
206018,78051,132,36
206019,78051,133,36
206020,78052,138,2
206021,78052,132,16
206022,78052,134,34
206023,78053,138,2
206024,78053,132,34
206025,78053,134,34
206026,78054,138,2
206027,78054,132,34
206028,78054,133,34
206029,78055,137,2
206030,78055,133,68
206031,78056,133,102
206032,78057,133,102
206033,78058,137,2
206034,78058,132,20
206035,78058,134,34
206036,78059,138,2
206037,78059,132,36
206038,78059,133,36
206039,78060,138,2
206040,78060,132,16
206041,78060,134,34
206042,78061,138,2
206043,78061,132,34
206044,78061,134,34
206045,78062,138,2
206046,78062,132,34
206047,78062,133,34
206048,78063,137,2
206049,78063,133,68
206050,78064,133,102
206051,78065,133,102
206052,78066,137,2
206053,78066,132,20
206054,78066,134,34
206055,78067,138,2
206056,78067,132,36
206057,78067,133,36
206058,78068,138,2
206059,78068,132,16
206060,78068,134,34
206061,78069,138,2
206062,78069,132,34
206063,78069,134,34
206064,78070,138,2
206065,78070,132,34
206066,78070,133,34
206067,78071,137,2
206068,78071,133,68
206069,78072,133,102
206070,78073,133,102
208036,78843,133,2
208037,78844,133,2
208038,78845,133,2
208060,78867,133,2
208061,78868,133,2
208063,78870,133,2
208064,78871,133,2
208065,78872,133,2
208609,79069,146,2
208610,79069,141,18
208611,79069,142,36
208612,79070,147,2
208613,79070,141,18
208614,79070,142,18
208615,79070,143,36
208616,79071,146,2
208617,79071,141,18
208618,79071,143,36
208619,79072,147,2
208620,79072,141,36
208621,79072,143,36
208622,79073,147,2
208623,79073,141,18
208624,79073,142,30
208625,79073,143,18
208626,79074,146,2
208627,79074,141,18
208628,79074,143,36
208629,79075,141,36
208630,79075,142,36
208631,79075,143,36
208632,79076,141,36
208633,79076,142,36
208634,79076,143,36
209409,79380,147,2
209410,79380,141,18
209411,79380,142,18
209412,79380,143,12
209413,79381,147,2
209414,79381,141,36
209415,79381,142,54
209416,79382,147,2
209417,79382,141,36
209418,79382,143,36
209419,79383,147,2
209420,79383,141,36
209421,79383,143,36
209422,79384,142,72
209423,79385,142,108
209424,79386,142,108
209462,79401,146,2
209463,79401,141,24
209464,79401,142,20
209465,79401,143,12
209466,79402,146,2
209467,79402,141,36
209468,79402,143,36
209469,79403,147,2
209470,79403,141,28
209471,79403,143,36
209472,79404,147,2
209473,79404,141,36
209474,79404,143,36
209475,79405,147,2
209476,79405,141,18
209477,79405,143,36
209478,79406,147,2
209479,79406,141,20
209480,79406,142,18
209481,79406,143,20
209482,79407,141,46
209483,79407,143,64
209484,79408,141,46
209485,79408,143,62
209859,79545,146,2
209860,79545,141,18
209861,79545,142,36
209862,79546,147,2
209863,79546,141,18
209864,79546,142,18
209865,79546,143,36
209866,79547,146,2
209867,79547,141,18
209868,79547,143,36
209869,79548,147,2
209870,79548,141,36
209871,79548,143,36
209872,79549,147,2
209873,79549,141,18
209874,79549,142,30
209875,79549,143,18
209876,79550,146,2
209877,79550,141,18
209878,79550,143,36
209879,79551,141,36
209880,79551,142,36
209881,79551,143,36
209882,79552,141,36
209883,79552,142,36
209884,79552,143,36
210142,79655,147,2
210143,79655,141,18
210144,79655,142,18
210145,79655,143,12
210146,79656,147,2
210147,79656,141,36
210148,79656,142,54
210149,79657,147,2
210150,79657,141,36
210151,79657,143,36
210152,79658,147,2
210153,79658,141,36
210154,79658,143,36
210155,79659,142,72
210156,79660,142,108
210157,79661,142,108
210952,79961,146,2
210953,79961,141,18
210954,79961,143,36
210955,79962,146,2
210956,79962,141,36
210957,79962,142,36
210958,79963,147,2
210959,79963,141,36
210960,79963,143,40
210961,79964,147,2
210962,79964,141,54
210963,79964,143,36
210964,79965,142,72
210965,79966,147,2
210966,79966,141,24
210967,79966,142,30
210968,79966,143,18
210969,79967,141,54
210970,79967,143,54
210971,79968,141,54
210972,79968,143,54
211189,80053,146,2
211190,80053,141,18
211191,80053,143,36
211192,80054,146,2
211193,80054,141,36
211194,80054,142,36
211195,80055,147,2
211196,80055,141,36
211197,80055,143,40
211198,80056,147,2
211199,80056,141,54
211200,80056,143,36
211201,80057,142,72
211202,80058,147,2
211203,80058,141,24
211204,80058,142,30
211205,80058,143,18
211206,80059,141,54
211207,80059,143,54
211208,80060,141,54
211209,80060,143,54
211809,80290,146,2
211810,80290,141,36
211811,80290,143,36
211812,80291,146,2
211813,80291,141,36
211814,80291,143,36
211815,80292,146,2
211816,80292,141,18
211817,80292,143,36
211818,80293,142,72
211819,80294,147,2
211820,80294,141,26
211821,80294,143,28
211822,80295,147,2
211823,80295,141,18
211824,80295,142,30
211825,80295,143,20
211826,80296,142,108
211827,80297,142,108
212137,80420,146,2
212138,80420,141,36
212139,80420,143,18
212140,80421,147,2
212141,80421,141,36
212142,80421,143,36
212143,80422,147,2
212144,80422,141,36
212145,80422,143,36
212146,80423,142,108
212147,80424,142,108
212148,80425,147,2
212149,80425,141,18
212150,80425,142,18
212151,80425,143,18
213191,80821,146,2
213192,80821,141,24
213193,80821,142,20
213194,80821,143,12
213195,80822,146,2
213196,80822,141,36
213197,80822,143,36
213198,80823,147,2
213199,80823,141,28
213200,80823,143,36
213201,80824,147,2
213202,80824,141,36
213203,80824,143,36
213204,80825,147,2
213205,80825,141,18
213206,80825,143,36
213207,80826,147,2
213208,80826,141,20
213209,80826,142,18
213210,80826,143,20
213211,80827,141,46
213212,80827,143,64
213213,80828,141,46
213214,80828,143,62
213521,80947,146,2
213522,80947,141,36
213523,80947,143,36
213524,80948,146,2
213525,80948,141,36
213526,80948,143,36
213527,80949,146,2
213528,80949,141,18
213529,80949,143,36
213530,80950,142,72
213531,80951,147,2
213532,80951,141,26
213533,80951,143,28
213534,80952,147,2
213535,80952,141,18
213536,80952,142,30
213537,80952,143,20
213538,80953,142,108
213539,80954,142,108
213715,81021,146,2
213716,81021,141,18
213717,81021,143,36
213718,81022,146,2
213719,81022,141,36
213720,81022,142,36
213721,81023,147,2
213722,81023,141,36
213723,81023,143,40
213724,81024,147,2
213725,81024,141,54
213726,81024,143,36
213727,81025,142,72
213728,81026,147,2
213729,81026,141,24
213730,81026,142,28
213731,81026,143,18
213732,81027,141,54
213733,81027,143,54
213734,81028,141,54
213735,81028,143,54
214641,81372,146,2
214642,81372,141,36
214643,81372,143,36
214644,81373,146,2
214645,81373,141,36
214646,81373,143,36
214647,81374,146,2
214648,81374,141,18
214649,81374,143,36
214650,81375,142,72
214651,81376,147,2
214652,81376,141,26
214653,81376,143,28
214654,81377,147,2
214655,81377,141,18
214656,81377,142,30
214657,81377,143,20
214658,81378,142,108
214659,81379,142,108
215142,81571,154,2
215143,81571,148,28
215144,81571,149,18
215145,81571,150,26
215146,81572,154,2
215147,81572,148,20
215148,81572,150,32
215149,81573,153,2
215150,81573,148,26
215151,81573,150,28
215152,81574,154,2
215153,81574,148,18
215154,81574,149,18
215155,81574,150,36
215874,81847,153,2
215875,81847,148,16
215876,81847,149,28
215877,81848,154,2
215878,81848,148,32
215879,81848,149,32
215880,81848,150,32
215881,81849,154,2
215882,81849,148,32
215883,81849,149,16
215884,81849,150,16
215885,81850,153,2
215886,81850,149,68
215887,81851,149,98
215888,81852,149,98
215931,81869,154,2
215932,81869,148,22
215933,81869,150,20
215934,81870,154,2
215935,81870,148,8
215936,81870,149,64
215937,81871,154,2
215938,81871,148,28
215939,81871,150,36
215940,81872,153,2
215941,81872,148,18
215942,81872,149,18
216285,81998,154,2
216286,81998,148,28
216287,81998,149,18
216288,81998,150,26
216289,81999,154,2
216290,81999,148,20
216291,81999,150,32
216292,82000,153,2
216293,82000,148,26
216294,82000,150,28
216295,82001,154,2
216296,82001,148,18
216297,82001,149,18
216298,82001,150,36
216547,82098,153,2
216548,82098,148,16
216549,82098,149,28
216550,82099,154,2
216551,82099,148,32
216552,82099,149,32
216553,82099,150,32
216554,82100,154,2
216555,82100,148,32
216556,82100,149,16
216557,82100,150,16
216558,82101,153,2
216559,82101,149,68
216560,82102,149,98
216561,82103,149,98
217235,82370,153,2
217236,82370,148,16
217237,82370,149,28
217238,82371,154,2
217239,82371,148,16
217240,82371,149,16
217241,82371,150,16
217242,82372,154,2
217243,82372,148,32
217244,82372,150,40
217245,82373,154,2
217246,82373,148,32
217247,82373,150,48
217248,82374,153,2
217249,82374,149,68
217250,82375,148,48
217251,82375,150,56
217252,82376,148,48
217253,82376,150,56
217456,82455,153,2
217457,82455,148,16
217458,82455,149,28
217459,82456,154,2
217460,82456,148,16
217461,82456,149,16
217462,82456,150,16
217463,82457,154,2
217464,82457,148,32
217465,82457,150,40
217466,82458,154,2
217467,82458,148,32
217468,82458,150,48
217469,82459,153,2
217470,82459,149,68
217471,82460,148,48
217472,82460,150,56
217473,82461,148,48
217474,82461,150,56
218041,82680,153,2
218042,82680,148,22
218043,82680,149,10
218044,82680,150,12
218045,82681,154,2
218046,82681,148,32
218047,82681,149,16
218048,82681,150,16
218049,82682,154,2
218050,82682,148,16
218051,82682,149,16
218052,82683,154,2
218053,82683,148,18
218054,82683,150,36
218055,82684,154,2
218056,82684,148,16
218057,82684,150,34
218058,82685,153,2
218059,82685,149,68
218060,82686,149,102
218061,82687,149,102
218316,82791,154,2
218317,82791,148,40
218318,82791,150,40
218319,82792,148,20
218320,82792,149,60
218321,82793,148,20
218322,82793,150,20
219211,83126,154,2
219212,83126,148,22
219213,83126,150,20
219214,83127,154,2
219215,83127,148,8
219216,83127,149,64
219217,83128,154,2
219218,83128,148,28
219219,83128,150,36
219220,83129,153,2
219221,83129,148,18
219222,83129,149,18
219506,83239,153,2
219507,83239,148,22
219508,83239,149,10
219509,83239,150,12
219510,83240,154,2
219511,83240,148,32
219512,83240,149,16
219513,83240,150,16
219514,83241,154,2
219515,83241,148,16
219516,83241,149,16
219517,83242,154,2
219518,83242,148,18
219519,83242,150,36
219520,83243,154,2
219521,83243,148,16
219522,83243,150,34
219523,83244,153,2
219524,83244,149,68
219525,83245,149,102
219526,83246,149,102
219658,83300,153,2
219659,83300,148,16
219660,83300,149,28
219661,83301,154,2
219662,83301,148,16
219663,83301,149,16
219664,83301,150,16
219665,83302,154,2
219666,83302,148,32
219667,83302,150,40
219668,83303,154,2
219669,83303,148,32
219670,83303,150,48
219671,83304,153,2
219672,83304,149,68
219673,83305,148,48
219674,83305,150,56
219675,83306,148,48
219676,83306,150,56
220464,83605,153,2
220465,83605,148,22
220466,83605,149,10
220467,83605,150,12
220468,83606,154,2
220469,83606,148,32
220470,83606,149,16
220471,83606,150,16
220472,83607,154,2
220473,83607,148,16
220474,83607,149,16
220475,83608,154,2
220476,83608,148,18
220477,83608,150,36
220478,83609,154,2
220479,83609,148,16
220480,83609,150,34
220481,83610,153,2
220482,83610,149,68
220483,83611,149,102
220484,83612,149,102
223101,79073,145,2
223102,79073,145,6
223103,79075,157,2
223104,79076,157,2
223358,79385,157,2
223359,79386,157,2
223360,84774,147,2
223361,84774,141,36
223362,84774,143,36
223375,79407,157,2
223376,79408,157,2
223441,79549,145,2
223442,79549,145,6
223443,79551,157,2
223444,79552,157,2
223507,79660,157,2
223508,79661,157,2
223509,84794,147,2
223510,84794,141,36
223511,84794,143,36
223736,79967,157,2
223737,79968,157,2
223814,80059,157,2
223815,80060,157,2
223982,80295,145,2
223983,80295,145,6
223984,80296,157,2
223985,80297,157,2
224072,80422,145,2
224073,80422,145,18
224074,80423,157,2
224075,80424,157,2
224076,84895,147,2
224077,84895,141,36
224078,84895,142,36
224352,80827,157,2
224353,80828,157,2
224452,80952,145,2
224453,80952,145,6
224454,80953,157,2
224455,80954,157,2
224514,81027,157,2
224515,81028,157,2
224800,81377,145,2
224801,81377,145,6
224802,81378,157,2
224803,81379,157,2
225163,81851,158,2
225164,81852,158,2
225173,85095,153,2
225174,85095,148,10
225175,85095,150,18
225299,82102,158,2
225300,82103,158,2
225526,82373,151,2
225527,82373,151,16
225528,82375,158,2
225529,82376,158,2
225584,82458,151,2
225585,82458,151,16
225586,82460,158,2
225587,82461,158,2
225748,82682,152,2
225749,82682,152,10
225750,82686,158,2
225751,82687,158,2
225830,82792,158,2
225831,82793,158,2
226090,85230,153,2
226091,85230,148,10
226092,85230,150,18
226197,83241,152,2
226198,83241,152,10
226199,83245,158,2
226200,83246,158,2
226252,83303,151,2
226253,83303,151,16
226254,83305,158,2
226255,83306,158,2
226500,83607,152,2
226501,83607,152,10
226502,83611,158,2
226503,83612,158,2
227805,85725,146,2
227806,85725,141,18
227807,85725,142,18
227871,85748,146,2
227872,85748,141,18
227873,85748,142,18
227926,85766,146,2
227927,85766,141,18
227928,85766,142,18
228018,85797,153,2
228019,85797,148,16
228020,85797,149,26
228092,85821,153,2
228093,85821,148,16
228094,85821,149,26
228153,85842,153,2
228154,85842,148,16
228155,85842,149,26
228182,85852,153,2
228183,85852,148,16
228184,85852,149,26
228242,85873,154,2
228243,85873,148,20
228244,85873,149,18
228312,85897,153,2
228313,85897,148,16
228314,85897,149,26
228964,86160,157,2
228965,86160,142,108
228966,86161,157,2
228967,86161,142,108
228971,86163,157,2
228972,86163,142,108
230976,86821,166,2
230977,86821,161,36
230978,86821,163,18
230979,86822,168,2
230980,86822,161,36
230981,86822,163,36
230982,86823,168,2
230983,86823,165,2
230984,86823,161,36
230985,86823,163,36
230986,86823,165,18
230987,86824,167,2
230988,86824,162,108
230989,86825,167,2
230990,86825,162,108
230991,86826,168,2
230992,86826,161,36
230993,86826,162,36
230994,86827,168,2
230995,86827,161,18
230996,86827,162,18
230997,86827,163,18
232271,87271,166,2
232272,87271,161,18
232273,87271,163,36
232274,87272,168,2
232275,87272,161,36
232276,87272,163,36
232277,87273,168,2
232278,87273,161,18
232279,87273,163,36
232280,87274,168,2
232281,87274,161,18
232282,87274,162,18
232283,87274,163,20
232284,87275,167,2
232285,87275,161,10
232286,87275,162,98
232287,87276,167,2
232288,87276,161,10
232289,87276,162,98
232290,87277,168,2
232291,87277,161,26
232292,87277,163,28
232543,87362,166,2
232544,87362,161,18
232545,87362,163,36
232546,87363,168,2
232547,87363,161,36
232548,87363,163,36
232549,87364,168,2
232550,87364,161,18
232551,87364,163,36
232552,87365,168,2
232553,87365,161,18
232554,87365,162,18
232555,87365,163,20
232556,87366,167,2
232557,87366,161,10
232558,87366,162,98
232559,87367,167,2
232560,87367,161,10
232561,87367,162,98
232562,87368,168,2
232563,87368,161,26
232564,87368,163,28
233123,87553,166,2
233124,87553,161,18
233125,87553,162,26
233126,87554,168,2
233127,87554,161,34
233128,87554,163,34
233129,87555,168,2
233130,87555,161,16
233131,87555,162,16
233132,87555,163,34
233133,87556,166,2
233134,87556,161,18
233135,87556,163,36
233136,87557,168,2
233137,87557,161,36
233138,87557,163,36
233139,87558,166,2
233140,87558,161,18
233141,87558,163,36
233142,87559,167,2
233143,87559,161,36
233144,87559,162,36
233145,87559,163,36
233146,87560,167,2
233147,87560,161,36
233148,87560,162,36
233149,87560,163,36
234504,88015,166,2
234505,88015,161,18
234506,88015,162,26
234507,88016,168,2
234508,88016,161,34
234509,88016,163,34
234510,88017,168,2
234511,88017,161,16
234512,88017,162,16
234513,88017,163,34
234514,88018,166,2
234515,88018,161,18
234516,88018,163,36
234517,88019,168,2
234518,88019,161,36
234519,88019,163,36
234520,88020,166,2
234521,88020,161,18
234522,88020,163,36
234523,88021,167,2
234524,88021,161,36
234525,88021,162,36
234526,88021,163,36
234527,88022,167,2
234528,88022,161,36
234529,88022,162,36
234530,88022,163,36
234638,88062,166,2
234639,88062,161,18
234640,88062,163,36
234641,88063,168,2
234642,88063,161,36
234643,88063,163,36
234644,88064,168,2
234645,88064,161,18
234646,88064,163,36
234647,88065,168,2
234648,88065,161,18
234649,88065,162,18
234650,88065,163,20
234651,88066,167,2
234652,88066,161,10
234653,88066,162,98
234654,88067,167,2
234655,88067,161,10
234656,88067,162,98
234657,88068,168,2
234658,88068,161,26
234659,88068,163,28
235363,88308,166,2
235364,88308,161,18
235365,88308,162,26
235366,88309,168,2
235367,88309,161,34
235368,88309,163,34
235369,88310,168,2
235370,88310,161,16
235371,88310,162,16
235372,88310,163,34
235373,88311,166,2
235374,88311,161,18
235375,88311,163,36
235376,88312,168,2
235377,88312,161,36
235378,88312,163,36
235379,88313,166,2
235380,88313,161,18
235381,88313,163,36
235382,88314,167,2
235383,88314,161,36
235384,88314,162,36
235385,88314,163,36
235386,88315,167,2
235387,88315,161,36
235388,88315,162,36
235389,88315,163,36
263594,97536,176,2
263595,97536,169,36
263596,97536,171,36
263597,97537,176,2
263598,97537,169,18
263599,97537,170,18
263600,97538,175,2
263601,97538,169,18
263602,97538,170,58
263603,97539,175,2
263604,97539,169,18
263605,97539,171,18
264771,97938,174,2
264772,97938,169,18
264773,97938,170,20
264774,97938,171,12
264775,97939,176,2
264776,97939,169,22
264777,97939,171,22
264778,97940,174,2
264779,97940,169,10
264780,97940,171,20
264781,97941,176,2
264782,97941,169,18
264783,97941,171,36
264784,97942,176,2
264785,97942,169,8
264786,97942,170,64
265051,98033,174,2
265052,98033,169,18
265053,98033,170,20
265054,98033,171,12
265055,98034,176,2
265056,98034,169,22
265057,98034,171,22
265058,98035,174,2
265059,98035,169,10
265060,98035,171,20
265061,98036,176,2
265062,98036,169,18
265063,98036,171,36
265064,98037,176,2
265065,98037,169,8
265066,98037,170,64
265470,98168,176,2
265471,98168,169,22
265472,98168,170,12
265473,98168,171,20
265474,98169,176,2
265475,98169,169,20
265476,98169,171,32
265477,98170,176,2
265478,98170,169,26
265479,98170,171,28
265480,98171,176,2
265481,98171,169,18
265482,98171,170,18
265483,98171,171,36
266649,98558,176,2
266650,98558,169,22
266651,98558,170,12
266652,98558,171,20
266653,98559,176,2
266654,98559,169,20
266655,98559,171,32
266656,98560,176,2
266657,98560,169,26
266658,98560,171,28
266659,98561,176,2
266660,98561,169,18
266661,98561,170,18
266662,98561,171,36
266782,98604,174,2
266783,98604,169,18
266784,98604,170,20
266785,98604,171,12
266786,98605,176,2
266787,98605,169,22
266788,98605,171,22
266789,98606,174,2
266790,98606,169,10
266791,98606,171,20
266792,98607,176,2
266793,98607,169,18
266794,98607,171,36
266795,98608,176,2
266796,98608,169,8
266797,98608,170,64
267480,98839,176,2
267481,98839,169,22
267482,98839,170,12
267483,98839,171,20
267484,98840,176,2
267485,98840,169,20
267486,98840,171,32
267487,98841,176,2
267488,98841,169,26
267489,98841,171,28
267490,98842,176,2
267491,98842,169,18
267492,98842,170,18
267493,98842,171,36
271501,100541,170,18
271502,100541,174,2
