id,discipline_semester_id,period_id
127,127,2
24655,127,66
28513,127,67
128,128,2
24657,128,66
28514,128,67
129,129,2
24656,129,66
28515,129,67
130,130,2
24660,130,66
28516,130,67
131,131,2
24662,131,66
28517,131,67
132,132,2
24659,132,66
28518,132,67
133,133,2
24658,133,66
28519,133,67
134,134,2
24661,134,66
208,208,2
24631,208,66
28290,208,67
209,209,2
24636,209,66
28291,209,67
210,210,2
24633,210,66
28292,210,67
211,211,2
24632,211,66
28293,211,67
212,212,2
24634,212,66
28294,212,67
213,213,2
24637,213,66
28295,213,67
214,214,2
24635,214,66
747,747,2
25176,747,66
28618,747,67
748,748,2
25171,748,66
28619,748,67
749,749,2
25170,749,66
28620,749,67
750,750,2
25177,750,66
28621,750,67
751,751,2
25172,751,66
28622,751,67
752,752,2
25174,752,66
28623,752,67
753,753,2
25173,753,66
28624,753,67
754,754,2
25175,754,66
1018,1018,2
25498,1018,66
28342,1018,67
1019,1019,2
25500,1019,66
28343,1019,67
1020,1020,2
25504,1020,66
28344,1020,67
1021,1021,2
25499,1021,66
28345,1021,67
1022,1022,2
25502,1022,66
28346,1022,67
1023,1023,2
25503,1023,66
28347,1023,67
1024,1024,2
25501,1024,66
1025,1025,2
25505,1025,66
28348,1025,67
1094,1094,2
25635,1094,66
28349,1094,67
1095,1095,2
25632,1095,66
28350,1095,67
1096,1096,2
25637,1096,66
28351,1096,67
1097,1097,2
25630,1097,66
28352,1097,67
1098,1098,2
25631,1098,66
28353,1098,67
1099,1099,2
25633,1099,66
28354,1099,67
1100,1100,2
25634,1100,66
1266,1266,2
25744,1266,66
1267,1267,2
25748,1267,66
28369,1267,67
1268,1268,2
25742,1268,66
28370,1268,67
1269,1269,2
25743,1269,66
28371,1269,67
1270,1270,2
25749,1270,66
28372,1270,67
1271,1271,2
25745,1271,66
28373,1271,67
1272,1272,2
25746,1272,66
28374,1272,67
1510,1510,2
26075,1510,66
28401,1510,67
1511,1511,2
26076,1511,66
28402,1511,67
1512,1512,2
26077,1512,66
28403,1512,67
1513,1513,2
26078,1513,66
28404,1513,67
1514,1514,2
26079,1514,66
28405,1514,67
1515,1515,2
26080,1515,66
28406,1515,67
1516,1516,2
26081,1516,66
1517,1517,2
26082,1517,66
28407,1517,67
2282,2282,2
25747,2282,66
28488,2282,67
27119,2541,67
27189,2563,67
25636,10410,66
28508,10410,67
24638,10415,66
28509,10415,67
27134,10508,67
27242,10549,67
27262,10555,67
27306,10568,67
30495,11034,68
32606,11034,75
34857,11034,74
30496,11035,68
32607,11035,75
34858,11035,74
30497,11036,68
32608,11036,75
34859,11036,74
30498,11037,68
32609,11037,75
34860,11037,74
30499,11038,68
32610,11038,75
34861,11038,74
30500,11039,68
32611,11039,75
34862,11039,74
30501,11040,68
32612,11040,75
34863,11040,74
30710,11148,68
32706,11148,75
35047,11148,74
30711,11149,68
32707,11149,75
35048,11149,74
30712,11150,68
32708,11150,75
35049,11150,74
30713,11151,68
32709,11151,75
35050,11151,74
30714,11152,68
32710,11152,75
35051,11152,74
30715,11153,68
32711,11153,75
35052,11153,74
30716,11154,68
32712,11154,75
35053,11154,74
30717,11155,68
32713,11155,75
35054,11155,74
30718,11156,68
32714,11156,75
35055,11156,74
30516,11163,68
32715,11163,75
34872,11163,74
30517,11164,68
32716,11164,75
34873,11164,74
30518,11165,68
32717,11165,75
34874,11165,74
30519,11166,68
32718,11166,75
34875,11166,74
30520,11167,68
32719,11167,75
34876,11167,74
30521,11168,68
32720,11168,75
34877,11168,74
30522,11169,68
32721,11169,75
34878,11169,74
30523,11170,68
32722,11170,75
34879,11170,74
30524,11171,68
32723,11171,75
34880,11171,74
30525,11172,68
32724,11172,75
34881,11172,74
30526,11173,68
32725,11173,75
34882,11173,74
30527,11174,68
32726,11174,75
34883,11174,74
30528,11175,68
32727,11175,75
34884,11175,74
30529,11176,68
32728,11176,75
34885,11176,74
30530,11177,68
32729,11177,75
34886,11177,74
30531,11178,68
32730,11178,75
34887,11178,74
30532,11179,68
32731,11179,75
34888,11179,74
30533,11180,68
32732,11180,75
34889,11180,74
30534,11181,68
32733,11181,75
34890,11181,74
30535,11182,68
32734,11182,75
34891,11182,74
30536,11183,68
32735,11183,75
34892,11183,74
30537,11184,68
32736,11184,75
34893,11184,74
30544,11302,68
32840,11302,75
34894,11302,74
30545,11303,68
32841,11303,75
34895,11303,74
30546,11304,68
32842,11304,75
34896,11304,74
30547,11305,68
32843,11305,75
34897,11305,74
30548,11306,68
32844,11306,75
34898,11306,74
30549,11307,68
32845,11307,75
34899,11307,74
30550,11308,68
32846,11308,75
34900,11308,74
30735,11392,68
32925,11392,75
35072,11392,74
30736,11393,68
32926,11393,75
35073,11393,74
30737,11394,68
32927,11394,75
35074,11394,74
30738,11395,68
32928,11395,75
35075,11395,74
30739,11396,68
32929,11396,75
35076,11396,74
30740,11397,68
32930,11397,75
35077,11397,74
30741,11398,68
32931,11398,75
35078,11398,74
30742,11399,68
32932,11399,75
35079,11399,74
30743,11400,68
32933,11400,75
35080,11400,74
36593,13516,79
39732,13516,81
36594,13517,79
39733,13517,81
43855,13517,80
39734,13518,81
43856,13518,80
36596,13519,79
39735,13519,81
43857,13519,80
36597,13520,79
39736,13520,81
43858,13520,80
36598,13521,79
39737,13521,81
43859,13521,80
36599,13522,79
39738,13522,81
43860,13522,80
36973,13896,79
39777,13896,81
43895,13896,80
36974,13897,79
39778,13897,81
43896,13897,80
36975,13898,79
39779,13898,81
36976,13899,79
39780,13899,81
43897,13899,80
36977,13900,79
39781,13900,81
43898,13900,80
36978,13901,79
39782,13901,81
43899,13901,80
36979,13902,79
39783,13902,81
43900,13902,80
36980,13903,79
39784,13903,81
43901,13903,80
37171,14094,79
39806,14094,81
43922,14094,80
37172,14095,79
39807,14095,81
43923,14095,80
37173,14096,79
39808,14096,81
37174,14097,79
39809,14097,81
43924,14097,80
37175,14098,79
39810,14098,81
43925,14098,80
37176,14099,79
39811,14099,81
43926,14099,80
37177,14100,79
39812,14100,81
43927,14100,80
37178,14101,79
39813,14101,81
43928,14101,80
37975,14898,79
40139,14898,81
42460,14898,80
37976,14899,79
40140,14899,81
42461,14899,80
37977,14900,79
40141,14900,81
37978,14901,79
40142,14901,81
42462,14901,80
37979,14902,79
40143,14902,81
42463,14902,80
37980,14903,79
40144,14903,81
42464,14903,80
37981,14904,79
40145,14904,81
42465,14904,80
37982,14905,79
40146,14905,81
42466,14905,80
37991,14914,79
40155,14914,81
42474,14914,80
37992,14915,79
40156,14915,81
42475,14915,80
37993,14916,79
40157,14916,81
37994,14917,79
40158,14917,81
42476,14917,80
37995,14918,79
40159,14918,81
42477,14918,80
37996,14919,79
40160,14919,81
42478,14919,80
37997,14920,79
40161,14920,81
42479,14920,80
37998,14921,79
40162,14921,81
42480,14921,80
38033,14956,79
40197,14956,81
42512,14956,80
38034,14957,79
40198,14957,81
42513,14957,80
38035,14958,79
40199,14958,81
42514,14958,80
38036,14959,79
40200,14959,81
42515,14959,80
38037,14960,79
40201,14960,81
42516,14960,80
38038,14961,79
40202,14961,81
42517,14961,80
38039,14962,79
40203,14962,81
38040,14963,79
40204,14963,81
42518,14963,80
38041,14964,79
40205,14964,81
42519,14964,80
38042,14965,79
40206,14965,81
42520,14965,80
38043,14966,79
40207,14966,81
42521,14966,80
38044,14967,79
40208,14967,81
42522,14967,80
38045,14968,79
40209,14968,81
42523,14968,80
38046,14969,79
40210,14969,81
42524,14969,80
38047,14970,79
40211,14970,81
42525,14970,80
38048,14971,79
40212,14971,81
38049,14972,79
40213,14972,81
42526,14972,80
38050,14973,79
40214,14973,81
42527,14973,80
38286,15209,79
39926,15209,81
44035,15209,80
38287,15210,79
39927,15210,81
44036,15210,80
38288,15211,79
39928,15211,81
44037,15211,80
38289,15212,79
39929,15212,81
44038,15212,80
38290,15213,79
39930,15213,81
44039,15213,80
38291,15214,79
39931,15214,81
44040,15214,80
38292,15215,79
39932,15215,81
44041,15215,80
38293,15216,79
39933,15216,81
44042,15216,80
38294,15217,79
39934,15217,81
44043,15217,80
38295,15218,79
39935,15218,81
44044,15218,80
38296,15219,79
39936,15219,81
44045,15219,80
38297,15220,79
39937,15220,81
44046,15220,80
38298,15221,79
39938,15221,81
44047,15221,80
38299,15222,79
39939,15222,81
44048,15222,80
38300,15223,79
39940,15223,81
44049,15223,80
38301,15224,79
39941,15224,81
44050,15224,80
38302,15225,79
39942,15225,81
44051,15225,80
38303,15226,79
39943,15226,81
44052,15226,80
38304,15227,79
39944,15227,81
38305,15228,79
39945,15228,81
44053,15228,80
38306,15229,79
39946,15229,81
44054,15229,80
38307,15230,79
39947,15230,81
44055,15230,80
38308,15231,79
39948,15231,81
44056,15231,80
38309,15232,79
39949,15232,81
44057,15232,80
38310,15233,79
39950,15233,81
44058,15233,80
38311,15234,79
39951,15234,81
44059,15234,80
38312,15235,79
39952,15235,81
38313,15236,79
39953,15236,81
44060,15236,80
38314,15237,79
39954,15237,81
44061,15237,80
38315,15238,79
39955,15238,81
44062,15238,80
38857,15779,80
38858,15780,80
38859,15781,80
38860,15782,80
38862,15784,80
44661,16484,84
47139,16484,89
50159,16484,90
44662,16485,84
47140,16485,89
50160,16485,90
44663,16486,84
47141,16486,89
50161,16486,90
44664,16487,84
47142,16487,89
50162,16487,90
44665,16488,84
47143,16488,89
50163,16488,90
44666,16489,84
47144,16489,89
50164,16489,90
44667,16490,84
47145,16490,89
50165,16490,90
44745,16568,84
47205,16568,89
50166,16568,90
44746,16569,84
47206,16569,89
50167,16569,90
44747,16570,84
47207,16570,89
50168,16570,90
44748,16571,84
47208,16571,89
50169,16571,90
44749,16572,84
47209,16572,89
50170,16572,90
44750,16573,84
47210,16573,89
50171,16573,90
44751,16574,84
47211,16574,89
50172,16574,90
44830,16653,84
47277,16653,89
49628,16653,87
44831,16654,84
47278,16654,89
49629,16654,87
44832,16655,84
47279,16655,89
49630,16655,87
44833,16656,84
47280,16656,89
49631,16656,87
44834,16657,84
47281,16657,89
49632,16657,87
44835,16658,84
47282,16658,89
49633,16658,87
44836,16659,84
47283,16659,89
49634,16659,87
44837,16660,84
47284,16660,89
50533,16660,87
44961,16784,84
47388,16784,89
49642,16784,87
44962,16785,84
47389,16785,89
49643,16785,87
44963,16786,84
47390,16786,89
49644,16786,87
44964,16787,84
47391,16787,89
49645,16787,87
44965,16788,84
47392,16788,89
49646,16788,87
44966,16789,84
47393,16789,89
49647,16789,87
44967,16790,84
47394,16790,89
49648,16790,87
44968,16791,84
47395,16791,89
49649,16791,87
45555,17378,84
47875,17378,89
49521,17378,87
45556,17379,84
47876,17379,89
49522,17379,87
45557,17380,84
47877,17380,89
49523,17380,87
45558,17381,84
47878,17381,89
49524,17381,87
45559,17382,84
47879,17382,89
49525,17382,87
45560,17383,84
47880,17383,89
49526,17383,87
45561,17384,84
47881,17384,89
49527,17384,87
45562,17385,84
47882,17385,89
49528,17385,87
45571,17394,84
47891,17394,89
49537,17394,87
45572,17395,84
47892,17395,89
49538,17395,87
45573,17396,84
47893,17396,89
49539,17396,87
45574,17397,84
47894,17397,89
49540,17397,87
45575,17398,84
47895,17398,89
49541,17398,87
45576,17399,84
47896,17399,89
49542,17399,87
45577,17400,84
47897,17400,89
49543,17400,87
45578,17401,84
47898,17401,89
49544,17401,87
45715,17538,84
46515,17538,85
45716,17539,84
46516,17539,85
45717,17540,84
46517,17540,85
45718,17541,84
46518,17541,85
45719,17542,84
46519,17542,85
45720,17543,84
46520,17543,85
45721,17544,84
46521,17544,85
45722,17545,84
46522,17545,85
45723,17546,84
46523,17546,85
45724,17547,84
46524,17547,85
45725,17548,84
47989,17548,89
49736,17548,87
45726,17549,84
47990,17549,89
49737,17549,87
45727,17550,84
47991,17550,89
49738,17550,87
45728,17551,84
47992,17551,89
49739,17551,87
45729,17552,84
47993,17552,89
49740,17552,87
45730,17553,84
47994,17553,89
49741,17553,87
45731,17554,84
47995,17554,89
49742,17554,87
45732,17555,84
47996,17555,89
49743,17555,87
45733,17556,84
47997,17556,89
49744,17556,87
45734,17557,84
47998,17557,89
49745,17557,87
45735,17558,84
47999,17558,89
49746,17558,87
45736,17559,84
48000,17559,89
49747,17559,87
45737,17560,84
48001,17560,89
49748,17560,87
45738,17561,84
48002,17561,89
49749,17561,87
45747,17570,84
48011,17570,89
49758,17570,87
45748,17571,84
48012,17571,89
49759,17571,87
45749,17572,84
48013,17572,89
49760,17572,87
45750,17573,84
48014,17573,89
49761,17573,87
45751,17574,84
48015,17574,89
49762,17574,87
45752,17575,84
48016,17575,89
49763,17575,87
45753,17576,84
48017,17576,89
49764,17576,87
45754,17577,84
48018,17577,89
49765,17577,87
48622,18334,88
48623,18335,88
50642,18471,90
50643,18472,90
52118,19149,95
54878,19149,97
58083,19149,96
52119,19150,95
54879,19150,97
58084,19150,96
52120,19151,95
54880,19151,97
58085,19151,96
52121,19152,95
54881,19152,97
58086,19152,96
52122,19153,95
54882,19153,97
58087,19153,96
52123,19154,95
54883,19154,97
58088,19154,96
52124,19155,95
54884,19155,97
58089,19155,96
52125,19156,95
54885,19156,97
52510,19157,95
55177,19157,97
57679,19157,96
52511,19158,95
55178,19158,97
57680,19158,96
52512,19159,95
55179,19159,97
52513,19160,95
55180,19160,97
57681,19160,96
52514,19161,95
55181,19161,97
57682,19161,96
52515,19162,95
55182,19162,97
57683,19162,96
52516,19163,95
55183,19163,97
57684,19163,96
52517,19164,95
55184,19164,97
57685,19164,96
52126,19232,95
54886,19232,97
58090,19232,96
52127,19233,95
54887,19233,97
58091,19233,96
52128,19234,95
54888,19234,97
58092,19234,96
52129,19235,95
54889,19235,97
58093,19235,96
52130,19236,95
54890,19236,97
58094,19236,96
52131,19237,95
54891,19237,97
58095,19237,96
52132,19238,95
54892,19238,97
58096,19238,96
52133,19239,95
54893,19239,97
52134,19240,95
54786,19240,97
58097,19240,96
52135,19241,95
54787,19241,97
58098,19241,96
52136,19242,95
54788,19242,97
52137,19243,95
54789,19243,97
58099,19243,96
52138,19244,95
54790,19244,97
58100,19244,96
52139,19245,95
54791,19245,97
58101,19245,96
52140,19246,95
54792,19246,97
58102,19246,96
52141,19247,95
54793,19247,97
58103,19247,96
52142,19248,95
54794,19248,97
58104,19248,96
52143,19249,95
54795,19249,97
58105,19249,96
52518,19250,95
55185,19250,97
57686,19250,96
52519,19251,95
55186,19251,97
57687,19251,96
52520,19252,95
55187,19252,97
52521,19253,95
55188,19253,97
57688,19253,96
52522,19254,95
55189,19254,97
57689,19254,96
52523,19255,95
55190,19255,97
57690,19255,96
52524,19256,95
55191,19256,97
57691,19256,96
52525,19257,95
55192,19257,97
57692,19257,96
52152,19340,95
54796,19340,97
58113,19340,96
52153,19341,95
54797,19341,97
58114,19341,96
52154,19342,95
54798,19342,97
52155,19343,95
54799,19343,97
58115,19343,96
52156,19344,95
54800,19344,97
58116,19344,96
52157,19345,95
54801,19345,97
58117,19345,96
52158,19346,95
54802,19346,97
58118,19346,96
52159,19347,95
54803,19347,97
58119,19347,96
52160,19348,95
54804,19348,97
58120,19348,96
52161,19349,95
54805,19349,97
58121,19349,96
52526,19350,95
55258,19350,97
57693,19350,96
52527,19351,95
55259,19351,97
57694,19351,96
52528,19352,95
55260,19352,97
57695,19352,96
52529,19353,95
55261,19353,97
57696,19353,96
52530,19354,95
55262,19354,97
57697,19354,96
52531,19355,95
55263,19355,97
57698,19355,96
52532,19356,95
55264,19356,97
52533,19357,95
55193,19357,97
57699,19357,96
52534,19358,95
55194,19358,97
52535,19359,95
55195,19359,97
57700,19359,96
52536,19360,95
55196,19360,97
57701,19360,96
52537,19361,95
55197,19361,97
57702,19361,96
52538,19362,95
55198,19362,97
57703,19362,96
52539,19363,95
55199,19363,97
57704,19363,96
52162,19429,95
54806,19429,97
58122,19429,96
52163,19430,95
54807,19430,97
58123,19430,96
52164,19431,95
54808,19431,97
52165,19432,95
54809,19432,97
58124,19432,96
52166,19433,95
54810,19433,97
58125,19433,96
52167,19434,95
54811,19434,97
58126,19434,96
52168,19435,95
54812,19435,97
58127,19435,96
52169,19436,95
54813,19436,97
58128,19436,96
52170,19437,95
54814,19437,97
58129,19437,96
52171,19438,95
54815,19438,97
58130,19438,96
52547,19455,95
55200,19455,97
57711,19455,96
52548,19456,95
55201,19456,97
52549,19457,95
55202,19457,97
57712,19457,96
52550,19458,95
55203,19458,97
57713,19458,96
52551,19459,95
55204,19459,97
57714,19459,96
52552,19460,95
55205,19460,97
57715,19460,96
52553,19461,95
55206,19461,97
57716,19461,96
52554,19538,95
55272,19538,97
57717,19538,96
52555,19539,95
55273,19539,97
57718,19539,96
52556,19540,95
55274,19540,97
57719,19540,96
52557,19541,95
55275,19541,97
57720,19541,96
52558,19542,95
55276,19542,97
57721,19542,96
52559,19543,95
55277,19543,97
57722,19543,96
52560,19544,95
55278,19544,97
52561,19545,95
55207,19545,97
57723,19545,96
52562,19546,95
55208,19546,97
52563,19547,95
55209,19547,97
57724,19547,96
52564,19548,95
55210,19548,97
57725,19548,96
52565,19549,95
55211,19549,97
57726,19549,96
52566,19550,95
55212,19550,97
57727,19550,96
52567,19551,95
55213,19551,97
57728,19551,96
52350,20439,95
55053,20439,97
58298,20439,96
52351,20440,95
55054,20440,97
58299,20440,96
52352,20441,95
55055,20441,97
58300,20441,96
52353,20442,95
55056,20442,97
58301,20442,96
52354,20443,95
55057,20443,97
58302,20443,96
52355,20444,95
55058,20444,97
58303,20444,96
52356,20445,95
55059,20445,97
58304,20445,96
52357,20446,95
55060,20446,97
58305,20446,96
52366,20455,95
55061,20455,97
58306,20455,96
52367,20456,95
55062,20456,97
58307,20456,96
52368,20457,95
55063,20457,97
58308,20457,96
52369,20458,95
55064,20458,97
58309,20458,96
52370,20459,95
55065,20459,97
58310,20459,96
52371,20460,95
55066,20460,97
58311,20460,96
52372,20461,95
55067,20461,97
58312,20461,96
52373,20462,95
55068,20462,97
58313,20462,96
52716,20592,95
55411,20592,97
57865,20592,96
52717,20593,95
55412,20593,97
57866,20593,96
52718,20594,95
55413,20594,97
57867,20594,96
52719,20595,95
55414,20595,97
57868,20595,96
52720,20596,95
55415,20596,97
57869,20596,96
52721,20597,95
55416,20597,97
57870,20597,96
52722,20598,95
55417,20598,97
57871,20598,96
52723,20599,95
55418,20599,97
57872,20599,96
52724,20600,95
55419,20600,97
57873,20600,96
52725,20601,95
55420,20601,97
57874,20601,96
52726,20602,95
55421,20602,97
57875,20602,96
52727,20603,95
55422,20603,97
57876,20603,96
52728,20604,95
55423,20604,97
57877,20604,96
52729,20605,95
55424,20605,97
57878,20605,96
52738,20614,95
55433,20614,97
57886,20614,96
52739,20615,95
55434,20615,97
57887,20615,96
52740,20616,95
55435,20616,97
57888,20616,96
52741,20617,95
55436,20617,97
57889,20617,96
52742,20618,95
55437,20618,97
52743,20619,95
55438,20619,97
57890,20619,96
52744,20620,95
55439,20620,97
57891,20620,96
52745,20621,95
55440,20621,97
57892,20621,96
52761,21175,95
55456,21175,97
57907,21175,96
52762,21176,95
55457,21176,97
57908,21176,96
52763,21177,95
55458,21177,97
57909,21177,96
52764,21178,95
55459,21178,97
57910,21178,96
52765,21179,95
55460,21179,97
57911,21179,96
52766,21180,95
55461,21180,97
57912,21180,96
52767,21181,95
55462,21181,97
50761,21345,92
50763,21347,92
50772,21356,92
50778,21362,92
50779,21363,92
50803,21388,92
50805,21390,92
53632,21579,96
67292,23049,120
62918,23050,111
60206,23051,106
62803,23051,112
60207,23052,106
62804,23052,112
60208,23053,106
62805,23053,112
60210,23055,106
62806,23055,112
60211,23056,106
62807,23056,112
60212,23057,106
62808,23057,112
67293,23058,120
62919,23059,111
60213,23060,106
62809,23060,112
60214,23061,106
62810,23061,112
60215,23062,106
62811,23062,112
60217,23064,106
62812,23064,112
60218,23065,106
62813,23065,112
60219,23066,106
62814,23066,112
60220,23067,106
63133,23067,113
66192,23067,116
60221,23068,106
63134,23068,113
66193,23068,116
60222,23069,106
63135,23069,113
66194,23069,116
60223,23070,106
63136,23070,113
66195,23070,116
60224,23071,106
63137,23071,113
66196,23071,116
60225,23072,106
63138,23072,113
66197,23072,116
60226,23073,106
63139,23073,113
66198,23073,116
60227,23074,106
63140,23074,113
66199,23074,116
67485,23075,121
67487,23085,121
60236,23086,106
63149,23086,113
66208,23086,116
60237,23087,106
63150,23087,113
66209,23087,116
60238,23088,106
63151,23088,113
66210,23088,116
60239,23089,106
63152,23089,113
66211,23089,116
60240,23090,106
63153,23090,113
66212,23090,116
60241,23091,106
63154,23091,113
66213,23091,116
60242,23092,106
63155,23092,113
66214,23092,116
60243,23093,106
63156,23093,113
66215,23093,116
67489,23103,121
60252,23104,106
63165,23104,113
66224,23104,116
60253,23105,106
63166,23105,113
66225,23105,116
60254,23106,106
63167,23106,113
66226,23106,116
60255,23107,106
63168,23107,113
66227,23107,116
60256,23108,106
63169,23108,113
66228,23108,116
60257,23109,106
63170,23109,113
66229,23109,116
60258,23110,106
63171,23110,113
66230,23110,116
60259,23111,106
63172,23111,113
66231,23111,116
60260,23112,106
63173,23112,113
66232,23112,116
60261,23113,106
63174,23113,113
66233,23113,116
60262,23114,106
63175,23114,113
66234,23114,116
60263,23115,106
63176,23115,113
66235,23115,116
60264,23116,106
63177,23116,113
66236,23116,116
60265,23117,106
63178,23117,113
66237,23117,116
67470,23118,121
60266,23119,106
63179,23119,113
66238,23119,116
60267,23120,106
63180,23120,113
66239,23120,116
60268,23121,106
63181,23121,113
66240,23121,116
60269,23122,106
63182,23122,113
66241,23122,116
60270,23123,106
63183,23123,113
66242,23123,116
60271,23124,106
63184,23124,113
66243,23124,116
60272,23125,106
63185,23125,113
66244,23125,116
60273,23126,106
63186,23126,113
66245,23126,116
67471,23127,121
60274,23128,106
63187,23128,113
66246,23128,116
60275,23129,106
63188,23129,113
66247,23129,116
60276,23130,106
63189,23130,113
66248,23130,116
60277,23131,106
63190,23131,113
66249,23131,116
60278,23132,106
63191,23132,113
66250,23132,116
60279,23133,106
63192,23133,113
66251,23133,116
60280,23134,106
63193,23134,113
66252,23134,116
60281,23135,106
63194,23135,113
66253,23135,116
67472,23136,121
60282,23137,106
63195,23137,113
66254,23137,116
60283,23138,106
63196,23138,113
66255,23138,116
67476,24217,121
61186,24218,106
63950,24218,113
66336,24218,116
61187,24219,106
63951,24219,113
66337,24219,116
61188,24220,106
63952,24220,113
66338,24220,116
61189,24221,106
63953,24221,113
66339,24221,116
61190,24222,106
63954,24222,113
66340,24222,116
61191,24223,106
63955,24223,113
66341,24223,116
61192,24224,106
63956,24224,113
66342,24224,116
61193,24225,106
63957,24225,113
66343,24225,116
67477,24226,121
61194,24227,106
63958,24227,113
66344,24227,116
61195,24228,106
63959,24228,113
66345,24228,116
61196,24229,106
63960,24229,113
66346,24229,116
61197,24230,106
63961,24230,113
66347,24230,116
61198,24231,106
63962,24231,113
66348,24231,116
61199,24232,106
63963,24232,113
66349,24232,116
61200,24233,106
63964,24233,113
66350,24233,116
61201,24234,106
63965,24234,113
66351,24234,116
61656,24793,106
64355,24793,113
66604,24793,116
61657,24794,106
64356,24794,113
66605,24794,116
61658,24795,106
64357,24795,113
66606,24795,116
61659,24796,106
64358,24796,113
66607,24796,116
61660,24797,106
64359,24797,113
66608,24797,116
61661,24798,106
64360,24798,113
66609,24798,116
61662,24799,106
64361,24799,113
66610,24799,116
61663,24800,106
64362,24800,113
66611,24800,116
61664,24801,106
64363,24801,113
66612,24801,116
67465,24802,121
61665,24803,106
64364,24803,113
66613,24803,116
61666,24804,106
64365,24804,113
66614,24804,116
61667,24805,106
64366,24805,113
66615,24805,116
61668,24806,106
64367,24806,113
66616,24806,116
61669,24807,106
64368,24807,113
66617,24807,116
61670,24808,106
64369,24808,113
66618,24808,116
61671,24809,106
64370,24809,113
66619,24809,116
61672,24810,106
64371,24810,113
66620,24810,116
61673,24811,106
64372,24811,113
66621,24811,116
67466,24812,121
67447,24964,121
61804,24965,106
64482,24965,113
66470,24965,116
61805,24966,106
64483,24966,113
66471,24966,116
61806,24967,106
64484,24967,113
66472,24967,116
61807,24968,106
64485,24968,113
66473,24968,116
61808,24969,106
64486,24969,113
66474,24969,116
61809,24970,106
64487,24970,113
66475,24970,116
61810,24971,106
64488,24971,113
66476,24971,116
61811,24972,106
64489,24972,113
66477,24972,116
67448,24973,121
61812,24974,106
64490,24974,113
66478,24974,116
61813,24975,106
64491,24975,113
66479,24975,116
61814,24976,106
64492,24976,113
66480,24976,116
61815,24977,106
64493,24977,113
66481,24977,116
61816,24978,106
64494,24978,113
66482,24978,116
61817,24979,106
64495,24979,113
66483,24979,116
61818,24980,106
64496,24980,113
66484,24980,116
61819,24981,106
64497,24981,113
66485,24981,116
67449,24982,121
61820,24983,106
64498,24983,113
66486,24983,116
61821,24984,106
64499,24984,113
66487,24984,116
61822,24985,106
64500,24985,113
66488,24985,116
61823,24986,106
64501,24986,113
66489,24986,116
61824,24987,106
64502,24987,113
66490,24987,116
61825,24988,106
64503,24988,113
66491,24988,116
61826,24989,106
64504,24989,113
66492,24989,116
61827,24990,106
64505,24990,113
66493,24990,116
62955,26075,111
62053,26076,106
62716,26076,112
62054,26077,106
62717,26077,112
62055,26078,106
62718,26078,112
62056,26079,106
62719,26079,112
62057,26080,106
62720,26080,112
67346,26081,120
62058,26082,106
62721,26082,112
62059,26083,106
62722,26083,112
62956,26084,111
62060,26085,106
62723,26085,112
62061,26086,106
62724,26086,112
62062,26087,106
62725,26087,112
62063,26088,106
62726,26088,112
62064,26089,106
62727,26089,112
67342,26090,120
62065,26091,106
62728,26091,112
62066,26092,106
62729,26092,112
62067,26110,106
64712,26110,113
66411,26110,116
62068,26111,106
64713,26111,113
66412,26111,116
62069,26112,106
64714,26112,113
66413,26112,116
62070,26113,106
64715,26113,113
66414,26113,116
62071,26114,106
64716,26114,113
66415,26114,116
62072,26115,106
64717,26115,113
66416,26115,116
67500,26116,121
62073,26117,106
64718,26117,113
66417,26117,116
62074,26118,106
64719,26118,113
66418,26118,116
68519,26883,124
72217,26883,131
74376,26883,134
68520,26884,124
72218,26884,131
74377,26884,134
68521,26885,124
72219,26885,131
74378,26885,134
68522,26886,124
72220,26886,131
74379,26886,134
68523,26887,124
72221,26887,131
74380,26887,134
68524,26888,124
72222,26888,131
74381,26888,134
68525,26889,124
72223,26889,131
74382,26889,134
68526,26890,124
72224,26890,131
74383,26890,134
68527,26891,124
72225,26891,131
74384,26891,134
68537,26901,124
72235,26901,131
74394,26901,134
68538,26902,124
72236,26902,131
74395,26902,134
68539,26903,124
72237,26903,131
74396,26903,134
68540,26904,124
72238,26904,131
68541,26905,124
72239,26905,131
74397,26905,134
68542,26906,124
72240,26906,131
74398,26906,134
68543,26907,124
72241,26907,131
74399,26907,134
68544,26908,124
72242,26908,131
74400,26908,134
68545,26909,124
72243,26909,131
74401,26909,134
68555,26919,124
72253,26919,131
74410,26919,134
68556,26920,124
72254,26920,131
74411,26920,134
68557,26921,124
72255,26921,131
74412,26921,134
68558,26922,124
72256,26922,131
68559,26923,124
72257,26923,131
74413,26923,134
68560,26924,124
72258,26924,131
74414,26924,134
68561,26925,124
72259,26925,131
74415,26925,134
68562,26926,124
72260,26926,131
74416,26926,134
68563,26927,124
72261,26927,131
74417,26927,134
68564,26928,124
72262,26928,131
68565,26929,124
72263,26929,131
74418,26929,134
68566,26930,124
72264,26930,131
74419,26930,134
68567,26931,124
72265,26931,131
74420,26931,134
68568,26932,124
72266,26932,131
74421,26932,134
68569,26933,124
72267,26933,131
74422,26933,134
68570,26934,124
72268,26934,131
74423,26934,134
68571,26935,124
72269,26935,131
68572,26936,124
72270,26936,131
74424,26936,134
68573,26937,124
72271,26937,131
74425,26937,134
68574,26938,124
72272,26938,131
74426,26938,134
68575,26939,124
72273,26939,131
74427,26939,134
68576,26940,124
72274,26940,131
74428,26940,134
68577,26941,124
72275,26941,131
74429,26941,134
68578,26942,124
72276,26942,131
68579,26943,124
72277,26943,131
74430,26943,134
68580,26944,124
72278,26944,131
74431,26944,134
68581,26945,124
72279,26945,131
74432,26945,134
68582,26946,124
72280,26946,131
74433,26946,134
68583,26947,124
72281,26947,131
74434,26947,134
68584,26948,124
72282,26948,131
74435,26948,134
68685,27793,124
72383,27793,131
74527,27793,134
68686,27794,124
72384,27794,131
74528,27794,134
68687,27795,124
72385,27795,131
74529,27795,134
68688,27796,124
72386,27796,131
74530,27796,134
68689,27797,124
72387,27797,131
68690,27798,124
72388,27798,131
74531,27798,134
68691,27799,124
72389,27799,131
74532,27799,134
68692,27800,124
72390,27800,131
74533,27800,134
68693,27801,124
72391,27801,131
74534,27801,134
68694,27802,124
72392,27802,131
68695,27803,124
72393,27803,131
74535,27803,134
68696,27804,124
72394,27804,131
74536,27804,134
68697,27805,124
72395,27805,131
74537,27805,134
68698,27806,124
72396,27806,131
74538,27806,134
68699,27807,124
72397,27807,131
74539,27807,134
68700,27808,124
72398,27808,131
74540,27808,134
68701,27809,124
72399,27809,131
68702,27810,124
72400,27810,131
74541,27810,134
68703,27811,124
72401,27811,131
74542,27811,134
68704,27812,124
72402,27812,131
74543,27812,134
68705,27813,124
72403,27813,131
74544,27813,134
68706,27814,124
72404,27814,131
74545,27814,134
68707,27815,124
72405,27815,131
74546,27815,134
69060,28289,124
71974,28289,131
74874,28289,134
69061,28290,124
71975,28290,131
74875,28290,134
69062,28291,124
71976,28291,131
69063,28292,124
71977,28292,131
74876,28292,134
69064,28293,124
71978,28293,131
74877,28293,134
69065,28294,124
71979,28294,131
74878,28294,134
69066,28295,124
71980,28295,131
74879,28295,134
69067,28296,124
71981,28296,131
74880,28296,134
69068,28297,124
71982,28297,131
74881,28297,134
69069,28298,124
71983,28298,131
74882,28298,134
69070,28299,124
71984,28299,131
69071,28300,124
71985,28300,131
74883,28300,134
69072,28301,124
71986,28301,131
74884,28301,134
69073,28302,124
71987,28302,131
74885,28302,134
69074,28303,124
71988,28303,131
74886,28303,134
69075,28304,124
71989,28304,131
74887,28304,134
69129,28534,124
72043,28534,131
69130,28535,124
72044,28535,131
74939,28535,134
69131,28536,124
72045,28536,131
74940,28536,134
69132,28537,124
72046,28537,131
74941,28537,134
69133,28538,124
72047,28538,131
74942,28538,134
69134,28539,124
72048,28539,131
74943,28539,134
69135,28540,124
72049,28540,131
74944,28540,134
69136,28541,124
72050,28541,131
74945,28541,134
69137,28542,124
72051,28542,131
74946,28542,134
69138,28543,124
72052,28543,131
69139,28544,124
72053,28544,131
74947,28544,134
69140,28545,124
72054,28545,131
74948,28545,134
69141,28546,124
72055,28546,131
74949,28546,134
69142,28547,124
72056,28547,131
74950,28547,134
69143,28548,124
72057,28548,131
74951,28548,134
69144,28549,124
72058,28549,131
74952,28549,134
69145,28550,124
72059,28550,131
74953,28550,134
69146,28551,124
72060,28551,131
74954,28551,134
69147,28552,124
72061,28552,131
69148,28553,124
72062,28553,131
74955,28553,134
69149,28554,124
72063,28554,131
74956,28554,134
69150,28555,124
72064,28555,131
74957,28555,134
69151,28556,124
72065,28556,131
74958,28556,134
69152,28557,124
72066,28557,131
74959,28557,134
69153,28558,124
72067,28558,131
74960,28558,134
69154,28559,124
72068,28559,131
74961,28559,134
69155,28560,124
72069,28560,131
74962,28560,134
84726,33212,175
78092,33213,146
81172,33213,160
82870,33213,171
78093,33214,146
81173,33214,160
82871,33214,171
78094,33215,146
81174,33215,160
82872,33215,171
78095,33216,146
81175,33216,160
82873,33216,171
78096,33217,146
81176,33217,160
82874,33217,171
78097,33218,146
81177,33218,160
82875,33218,171
78098,33219,146
81178,33219,160
82876,33219,171
78099,33220,146
81179,33220,160
82877,33220,171
78100,33221,146
81180,33221,160
82878,33221,171
84727,33222,175
78101,33223,146
81181,33223,160
82879,33223,171
78102,33224,146
81182,33224,160
82880,33224,171
78103,33225,146
81183,33225,160
82881,33225,171
78104,33226,146
81184,33226,160
82882,33226,171
78105,33227,146
81185,33227,160
82883,33227,171
78106,33228,146
81186,33228,160
82884,33228,171
78107,33229,146
81187,33229,160
82885,33229,171
78108,33230,146
81188,33230,160
82886,33230,171
78109,33231,146
81189,33231,160
82887,33231,171
78119,33242,146
81199,33242,160
83991,33242,172
78120,33243,146
81200,33243,160
83992,33243,172
78121,33244,146
81201,33244,160
83993,33244,172
78122,33245,146
81202,33245,160
83994,33245,172
78123,33246,146
81203,33246,160
83995,33246,172
78124,33247,146
81204,33247,160
83996,33247,172
78125,33248,146
81205,33248,160
83997,33248,172
78126,33249,146
81206,33249,160
83998,33249,172
78127,33250,146
81207,33250,160
83999,33250,172
78128,33251,146
81208,33251,160
84000,33251,172
78129,33252,146
81209,33252,160
84001,33252,172
78130,33253,146
81210,33253,160
84002,33253,172
78131,33254,146
81211,33254,160
84003,33254,172
78132,33255,146
81212,33255,160
84004,33255,172
78133,33256,146
81213,33256,160
84005,33256,172
78134,33257,146
81214,33257,160
84006,33257,172
78135,33258,146
81215,33258,160
84007,33258,172
78136,33259,146
81216,33259,160
84008,33259,172
78137,33260,146
81217,33260,160
84009,33260,172
78138,33261,146
81218,33261,160
84010,33261,172
78139,33262,146
81219,33262,160
84011,33262,172
78140,33263,146
81220,33263,160
84012,33263,172
78141,33264,146
81221,33264,160
84013,33264,172
78142,33265,146
81222,33265,160
84014,33265,172
84747,33598,175
77726,33599,146
81473,33599,160
83043,33599,171
77727,33600,146
81474,33600,160
83044,33600,171
77728,33601,146
81475,33601,160
83045,33601,171
77729,33602,146
81476,33602,160
83046,33602,171
77730,33603,146
81477,33603,160
83047,33603,171
77731,33604,146
81478,33604,160
83048,33604,171
77732,33605,146
81479,33605,160
83049,33605,171
84748,33606,175
77733,33607,146
81480,33607,160
83050,33607,171
77734,33608,146
81481,33608,160
83051,33608,171
77735,33609,146
81482,33609,160
83052,33609,171
77736,33610,146
81483,33610,160
83053,33610,171
77737,33611,146
81484,33611,160
83054,33611,171
77738,33612,146
81485,33612,160
83055,33612,171
77739,33613,146
81486,33613,160
83056,33613,171
77740,33614,146
81487,33614,160
83057,33614,171
84749,33615,175
77741,33616,146
81488,33616,160
83058,33616,171
77742,33617,146
81489,33617,160
83059,33617,171
77743,33618,146
81490,33618,160
83060,33618,171
77744,33619,146
81491,33619,160
83061,33619,171
77745,33620,146
81492,33620,160
83062,33620,171
77746,33621,146
81493,33621,160
83063,33621,171
77747,33622,146
81494,33622,160
83064,33622,171
77748,33623,146
81495,33623,160
83065,33623,171
84574,33668,173
77781,33670,146
79626,33670,150
77782,33671,146
79627,33671,150
77783,33672,146
79628,33672,150
77784,33673,146
79629,33673,150
77785,33674,146
79630,33674,150
77786,33675,146
79631,33675,150
77787,33676,146
79632,33676,150
84751,33677,175
77788,33678,146
81521,33678,160
83074,33678,171
77789,33679,146
81522,33679,160
83075,33679,171
77790,33680,146
81523,33680,160
83076,33680,171
77791,33681,146
81524,33681,160
83077,33681,171
77792,33682,146
81525,33682,160
83078,33682,171
77793,33683,146
81526,33683,160
83079,33683,171
77794,33684,146
81527,33684,160
83080,33684,171
77795,33685,146
81528,33685,160
83081,33685,171
84753,33695,175
77804,33696,146
81537,33696,160
83090,33696,171
77805,33697,146
81538,33697,160
83091,33697,171
77806,33698,146
81539,33698,160
83092,33698,171
77807,33699,146
81540,33699,160
83093,33699,171
77808,33700,146
81541,33700,160
83094,33700,171
77809,33701,146
81542,33701,160
83095,33701,171
77810,33702,146
81543,33702,160
83096,33702,171
77811,33703,146
81544,33703,160
83097,33703,171
84754,33704,175
77812,33705,146
81545,33705,160
83098,33705,171
77813,33706,146
81546,33706,160
83099,33706,171
77814,33707,146
81547,33707,160
83100,33707,171
77815,33708,146
81548,33708,160
83101,33708,171
77816,33709,146
81549,33709,160
83102,33709,171
77817,33710,146
81550,33710,160
83103,33710,171
77818,33711,146
81551,33711,160
83104,33711,171
77819,33712,146
81552,33712,160
83105,33712,171
84755,33713,175
77820,33714,146
81553,33714,160
83106,33714,171
77821,33715,146
81554,33715,160
83107,33715,171
77822,33716,146
81555,33716,160
83108,33716,171
77823,33717,146
81556,33717,160
83109,33717,171
77824,33718,146
81557,33718,160
83110,33718,171
77825,33719,146
81558,33719,160
83111,33719,171
77826,33720,146
81559,33720,160
83112,33720,171
77827,33721,146
81560,33721,160
83113,33721,171
84756,33722,175
77828,33723,146
81561,33723,160
83114,33723,171
77829,33724,146
81562,33724,160
83115,33724,171
77830,33725,146
81563,33725,160
83116,33725,171
77831,33726,146
81564,33726,160
83117,33726,171
77832,33727,146
81565,33727,160
83118,33727,171
77833,33728,146
81566,33728,160
83119,33728,171
77834,33729,146
81567,33729,160
83120,33729,171
77835,33730,146
81568,33730,160
83121,33730,171
86436,36215,181
89628,36215,187
91730,36215,190
86437,36216,181
89629,36216,187
94225,36216,192
86438,36218,181
89630,36218,187
94226,36218,192
86439,36220,181
89631,36220,187
94227,36220,192
86440,36221,181
89632,36221,187
94228,36221,192
86441,36222,181
89633,36222,187
94229,36222,192
86442,36223,181
89634,36223,187
94230,36223,192
86443,36224,181
89635,36224,187
94231,36224,192
86444,36225,181
89636,36225,187
91731,36225,190
86445,36226,181
89637,36226,187
94232,36226,192
86446,36228,181
89638,36228,187
94233,36228,192
86447,36230,181
89639,36230,187
94234,36230,192
86448,36231,181
89640,36231,187
94235,36231,192
86449,36232,181
89641,36232,187
94236,36232,192
86450,36233,181
89642,36233,187
94237,36233,192
86451,36234,181
89643,36234,187
94238,36234,192
86460,36245,181
89652,36245,187
91733,36245,190
86461,36246,181
89653,36246,187
94246,36246,192
86462,36248,181
89654,36248,187
94247,36248,192
86463,36250,181
89655,36250,187
94248,36250,192
86464,36251,181
89656,36251,187
86465,36252,181
89657,36252,187
94249,36252,192
86466,36253,181
89658,36253,187
94250,36253,192
86467,36254,181
89659,36254,187
94251,36254,192
86468,36255,181
89660,36255,187
94252,36255,192
86469,36256,181
89661,36256,187
91734,36256,190
86470,36257,181
89662,36257,187
94253,36257,192
86471,36259,181
89663,36259,187
94254,36259,192
86472,36261,181
89664,36261,187
94255,36261,192
86473,36262,181
89665,36262,187
86474,36263,181
89666,36263,187
94256,36263,192
86475,36264,181
89667,36264,187
94257,36264,192
86476,36265,181
89668,36265,187
94258,36265,192
86477,36266,181
89669,36266,187
94259,36266,192
86478,36267,181
89670,36267,187
91735,36267,190
86479,36268,181
89671,36268,187
94260,36268,192
86480,36270,181
89672,36270,187
94261,36270,192
86481,36272,181
89673,36272,187
94262,36272,192
86482,36273,181
89674,36273,187
86483,36274,181
89675,36274,187
94263,36274,192
86484,36275,181
89676,36275,187
94264,36275,192
86485,36276,181
89677,36276,187
94265,36276,192
86486,36277,181
89678,36277,187
94266,36277,192
86726,36564,181
89918,36564,187
92820,36564,192
86727,36565,181
89919,36565,187
92821,36565,192
86728,36566,181
89920,36566,187
92822,36566,192
86729,36567,181
89921,36567,187
92823,36567,192
86730,36568,181
89922,36568,187
91698,36568,190
86731,36569,181
89923,36569,187
92824,36569,192
86732,36570,181
89924,36570,187
92825,36570,192
86733,36571,181
89925,36571,187
92826,36571,192
86734,36572,181
89926,36572,187
92827,36572,192
86735,36573,181
89927,36573,187
92828,36573,192
86736,36574,181
89928,36574,187
92829,36574,192
86737,36575,181
89929,36575,187
91699,36575,190
86738,36576,181
89930,36576,187
92830,36576,192
86739,36577,181
89931,36577,187
86740,36578,181
89932,36578,187
92831,36578,192
86741,36579,181
89933,36579,187
92832,36579,192
86742,36580,181
89934,36580,187
92833,36580,192
86743,36581,181
89935,36581,187
92834,36581,192
86744,36582,181
89936,36582,187
92835,36582,192
86745,36583,181
89937,36583,187
92836,36583,192
86746,36584,181
89938,36584,187
91700,36584,190
86747,36585,181
89939,36585,187
92837,36585,192
86748,36586,181
89940,36586,187
86749,36587,181
89941,36587,187
92838,36587,192
86750,36588,181
89942,36588,187
92839,36588,192
86751,36589,181
89943,36589,187
92840,36589,192
86752,36590,181
89944,36590,187
92841,36590,192
86779,36625,181
89971,36625,187
92867,36625,192
86780,36626,181
89972,36626,187
91703,36626,190
86781,36627,181
89973,36627,187
92868,36627,192
86782,36628,181
89974,36628,187
92869,36628,192
86783,36629,181
89975,36629,187
92870,36629,192
86784,36630,181
89976,36630,187
92871,36630,192
86785,36631,181
89977,36631,187
92872,36631,192
86786,36632,181
89978,36632,187
92873,36632,192
86787,36633,181
89979,36633,187
92874,36633,192
86797,36643,181
89989,36643,187
92883,36643,192
86798,36644,181
89990,36644,187
91705,36644,190
86799,36645,181
89991,36645,187
92884,36645,192
86800,36646,181
89992,36646,187
92885,36646,192
86801,36647,181
89993,36647,187
92886,36647,192
86802,36648,181
89994,36648,187
92887,36648,192
86803,36649,181
89995,36649,187
92888,36649,192
86804,36650,181
89996,36650,187
92889,36650,192
86805,36651,181
89997,36651,187
92890,36651,192
86806,36652,181
89998,36652,187
91706,36652,190
86807,36653,181
89999,36653,187
92891,36653,192
86808,36654,181
90000,36654,187
92892,36654,192
86809,36655,181
90001,36655,187
92893,36655,192
86810,36656,181
90002,36656,187
86811,36657,181
90003,36657,187
92894,36657,192
86812,36658,181
90004,36658,187
92895,36658,192
86813,36659,181
90005,36659,187
92896,36659,192
90006,36660,187
92897,36660,192
86815,36661,181
90007,36661,187
91707,36661,190
86816,36662,181
90008,36662,187
92898,36662,192
86817,36663,181
90009,36663,187
92899,36663,192
86818,36664,181
90010,36664,187
92900,36664,192
86819,36665,181
90011,36665,187
86820,36666,181
90012,36666,187
92901,36666,192
86821,36667,181
90013,36667,187
92902,36667,192
86822,36668,181
90014,36668,187
92903,36668,192
90015,36669,187
92904,36669,192
86824,36670,181
90016,36670,187
91708,36670,190
86825,36671,181
90017,36671,187
92905,36671,192
86826,36672,181
90018,36672,187
92906,36672,192
86827,36673,181
90019,36673,187
92907,36673,192
86828,36674,181
90020,36674,187
86829,36675,181
90021,36675,187
92908,36675,192
86830,36676,181
90022,36676,187
92909,36676,192
86831,36677,181
90023,36677,187
92910,36677,192
90024,36678,187
92911,36678,192
96697,41730,203
98187,41730,214
96698,41731,203
98188,41731,214
96699,41732,203
98189,41732,214
96701,41734,203
98190,41734,214
101258,41736,221
101194,41737,220
96703,41738,203
98191,41738,214
96704,41739,203
98192,41739,214
96705,41740,203
98193,41740,214
96707,41742,203
98194,41742,214
101259,41744,221
101195,41745,220
96715,41754,203
99999,41754,218
102689,41754,223
96716,41755,203
100000,41755,218
102690,41755,223
96717,41756,203
100001,41756,218
102691,41756,223
96718,41757,203
100002,41757,218
102692,41757,223
96719,41758,203
100003,41758,218
102693,41758,223
96720,41759,203
100004,41759,218
102694,41759,223
96721,41760,203
100005,41760,218
102695,41760,223
96722,41761,203
100006,41761,218
102696,41761,223
103775,41762,229
96723,41763,203
100007,41763,218
102697,41763,223
96724,41764,203
100008,41764,218
102698,41764,223
96725,41765,203
100009,41765,218
102699,41765,223
96726,41766,203
100010,41766,218
102700,41766,223
96727,41767,203
100011,41767,218
102701,41767,223
96728,41768,203
100012,41768,218
102702,41768,223
96729,41769,203
100013,41769,218
102703,41769,223
96730,41770,203
100014,41770,218
102704,41770,223
103776,41771,229
96731,41772,203
100015,41772,218
102705,41772,223
96732,41773,203
100016,41773,218
102706,41773,223
96733,41774,203
100017,41774,218
102707,41774,223
96734,41775,203
100018,41775,218
102708,41775,223
96735,41776,203
100019,41776,218
102709,41776,223
96736,41777,203
100020,41777,218
102710,41777,223
96737,41778,203
100021,41778,218
102711,41778,223
96738,41779,203
100022,41779,218
102712,41779,223
103777,41780,229
97056,42163,203
98230,42163,214
100332,42163,218
97057,42164,203
98231,42164,214
97058,42165,203
98232,42165,214
97059,42166,203
98233,42166,214
97060,42167,203
98234,42167,214
101267,42168,221
101204,42169,220
97061,42170,203
100337,42170,218
102988,42170,223
97062,42171,203
100338,42171,218
102989,42171,223
97063,42172,203
100339,42172,218
102990,42172,223
97064,42173,203
100340,42173,218
102991,42173,223
97065,42174,203
100341,42174,218
102992,42174,223
97066,42175,203
100342,42175,218
102993,42175,223
97067,42176,203
100343,42176,218
102994,42176,223
103790,42177,229
97068,42178,203
100344,42178,218
102995,42178,223
97069,42179,203
100345,42179,218
102996,42179,223
97070,42180,203
100346,42180,218
102997,42180,223
97071,42181,203
100347,42181,218
102998,42181,223
97072,42182,203
100348,42182,218
102999,42182,223
97073,42183,203
100349,42183,218
103000,42183,223
97074,42184,203
100350,42184,218
103001,42184,223
103791,42185,229
97130,42254,203
98235,42254,214
97131,42255,203
98236,42255,214
97132,42256,203
98237,42256,214
97133,42257,203
98238,42257,214
97134,42258,203
98239,42258,214
97135,42259,203
98240,42259,214
97136,42260,203
98241,42260,214
101268,42261,221
101207,42262,220
97144,42272,203
98249,42272,214
97145,42273,203
98250,42273,214
97146,42274,203
98251,42274,214
97147,42275,203
98252,42275,214
97148,42276,203
98253,42276,214
97149,42277,203
98254,42277,214
97150,42278,203
98255,42278,214
101270,42279,221
101209,42280,220
97151,42281,203
100427,42281,218
103059,42281,223
97152,42282,203
100428,42282,218
103060,42282,223
97153,42283,203
100429,42283,218
103061,42283,223
97154,42284,203
100430,42284,218
103062,42284,223
97155,42285,203
100431,42285,218
103063,42285,223
97156,42286,203
100432,42286,218
103064,42286,223
97157,42287,203
100433,42287,218
103065,42287,223
103792,42288,229
97158,42289,203
100434,42289,218
103066,42289,223
97159,42290,203
100435,42290,218
103067,42290,223
97160,42291,203
100436,42291,218
103068,42291,223
97161,42292,203
100437,42292,218
103069,42292,223
97162,42293,203
100438,42293,218
103070,42293,223
97163,42294,203
100439,42294,218
103071,42294,223
97164,42295,203
100440,42295,218
103072,42295,223
97165,42296,203
100441,42296,218
103073,42296,223
103793,42297,229
97166,42298,203
100442,42298,218
103074,42298,223
97167,42299,203
100443,42299,218
103075,42299,223
97168,42300,203
100444,42300,218
103076,42300,223
97169,42301,203
100445,42301,218
103077,42301,223
97170,42302,203
100446,42302,218
103078,42302,223
97171,42303,203
100447,42303,218
103079,42303,223
97172,42304,203
100448,42304,218
103080,42304,223
97173,42305,203
100449,42305,218
103081,42305,223
103794,42306,229
97174,42307,203
100450,42307,218
103082,42307,223
101122,44303,87
101123,44304,80
101124,44305,80
101125,44306,80
101126,44307,80
101127,44308,87
101128,44309,80
101129,44310,87
101130,44311,80
101131,44312,87
101132,44313,80
101133,44314,87
101134,44315,87
101135,44316,87
101136,44317,87
106754,46690,244
110830,46690,251
113960,46690,257
106755,46691,244
110831,46691,251
113961,46691,257
106756,46692,244
110832,46692,251
113962,46692,257
106757,46693,244
110833,46693,251
113963,46693,257
106758,46694,244
110834,46694,251
113964,46694,257
106759,46695,244
110835,46695,251
113965,46695,257
106761,46697,244
110836,46697,251
113966,46697,257
106762,46698,244
110837,46698,251
113967,46698,257
106763,46699,244
110838,46699,251
113968,46699,257
106764,46700,244
110839,46700,251
113969,46700,257
106765,46701,244
110840,46701,251
113970,46701,257
106766,46702,244
110841,46702,251
113971,46702,257
106767,46703,244
110842,46703,251
113972,46703,257
106768,46704,244
110843,46704,251
113973,46704,257
106770,46706,244
110844,46706,251
113974,46706,257
106771,46707,244
110845,46707,251
113975,46707,257
106772,46708,244
110846,46708,251
113976,46708,257
106773,46709,244
110847,46709,251
113977,46709,257
106774,46710,244
110848,46710,251
113978,46710,257
106775,46711,244
110849,46711,251
113979,46711,257
106776,46712,244
110850,46712,251
113980,46712,257
106777,46713,244
110851,46713,251
113981,46713,257
106779,46715,244
110852,46715,251
113982,46715,257
106780,46716,244
110853,46716,251
113983,46716,257
107243,47198,244
111311,47198,251
114340,47198,257
107244,47199,244
111312,47199,251
114341,47199,257
107245,47200,244
111313,47200,251
114342,47200,257
107246,47201,244
111314,47201,251
114343,47201,257
107247,47202,244
111315,47202,251
114344,47202,257
107248,47203,244
111316,47203,251
114345,47203,257
107249,47204,244
111317,47204,251
114346,47204,257
107250,47205,244
111318,47205,251
114347,47205,257
107251,47206,244
111319,47206,251
114348,47206,257
111320,47207,251
114349,47207,257
111321,47208,251
114350,47208,257
111322,47209,251
114351,47209,257
111323,47210,251
114352,47210,257
111324,47211,251
114353,47211,257
111325,47212,251
114354,47212,257
111326,47213,251
114355,47213,257
111327,47214,251
114356,47214,257
111328,47215,251
114357,47215,257
107367,47336,244
111444,47336,251
114434,47336,257
107368,47337,244
111445,47337,251
114435,47337,257
107369,47338,244
111446,47338,251
114436,47338,257
107370,47339,244
111447,47339,251
114437,47339,257
107371,47340,244
111448,47340,251
114438,47340,257
107372,47341,244
111449,47341,251
114439,47341,257
107373,47342,244
111450,47342,251
114440,47342,257
107374,47343,244
111451,47343,251
114441,47343,257
107375,47344,244
111452,47344,251
114442,47344,257
107376,47345,244
111453,47345,251
114443,47345,257
107377,47346,244
111454,47346,251
114444,47346,257
107378,47347,244
111455,47347,251
114445,47347,257
107379,47348,244
111456,47348,251
114446,47348,257
107380,47349,244
111457,47349,251
114447,47349,257
107381,47350,244
111458,47350,251
114448,47350,257
107382,47351,244
111459,47351,251
114449,47351,257
107383,47352,244
111460,47352,251
114450,47352,257
107384,47353,244
111461,47353,251
114451,47353,257
107385,47354,244
111462,47354,251
114452,47354,257
107386,47355,244
111463,47355,251
114453,47355,257
107387,47356,244
111464,47356,251
114454,47356,257
107388,47357,244
111465,47357,251
114455,47357,257
107389,47358,244
111466,47358,251
114456,47358,257
107390,47359,244
111467,47359,251
114457,47359,257
107391,47360,244
111468,47360,251
114458,47360,257
107392,47361,244
111469,47361,251
114459,47361,257
107393,47362,244
111470,47362,251
114460,47362,257
118537,53054,292
119968,53054,295
118538,53055,292
119969,53055,295
118539,53056,292
119970,53056,295
123831,53057,323
123589,53058,316
118540,53059,292
119971,53059,295
118541,53060,292
119972,53060,295
118542,53061,292
119973,53061,295
118543,53062,292
119974,53062,295
118544,53063,292
119975,53063,295
118545,53064,292
119976,53064,295
123832,53065,323
123590,53066,316
118546,53067,292
119977,53067,295
118547,53068,292
119978,53068,295
118548,53069,292
119979,53069,295
118549,53070,292
119980,53070,295
118550,53071,292
119981,53071,295
118551,53072,292
119982,53072,295
123833,53073,323
123591,53074,316
118552,53075,292
119983,53075,295
118553,53076,292
119984,53076,295
118554,53077,292
119985,53077,295
123840,53557,323
123598,53558,316
118996,53559,292
120017,53559,295
118997,53560,292
120018,53560,295
118998,53561,292
120019,53561,295
118999,53562,292
120020,53562,295
119000,53563,292
120021,53563,295
123599,53565,316
119001,53566,292
119002,53567,292
119003,53568,292
119004,53569,292
119005,53570,292
119123,53697,292
120022,53697,295
119124,53698,292
120023,53698,295
119125,53699,292
120024,53699,295
119126,53700,292
120025,53700,295
119127,53701,292
120026,53701,295
119128,53702,292
120027,53702,295
123841,53703,323
123600,53704,316
119129,53705,292
120028,53705,295
119130,53706,292
120029,53706,295
119131,53707,292
120030,53707,295
119132,53708,292
120031,53708,295
119133,53709,292
120032,53709,295
119134,53710,292
120033,53710,295
119135,53711,292
120034,53711,295
123842,53712,323
123601,53713,316
119136,53714,292
120035,53714,295
119137,53715,292
120036,53715,295
119138,53716,292
120037,53716,295
119139,53717,292
120038,53717,295
119140,53718,292
120039,53718,295
119141,53719,292
120040,53719,295
119142,53720,292
120041,53720,295
123843,53721,323
123602,53722,316
119143,53723,292
120042,53723,295
