id,contingent_id
3648,136592
3657,140543
3677,140322
3704,144453
3706,143684
3709,144660
3718,144454
6409,146787
6412,147076
6414,147217
6416,147318
6417,147340
6418,147440
6421,147673
6422,147766
6424,147751
6425,147754
6426,147761
6774,147770
6970,146860
7491,147037
7678,149840
8634,150138
10412,154682
10470,154664
10607,154098
10609,154105
10610,154094
10612,154092
10613,154100
10614,154108
10615,154103
10616,154101
10617,154099
10618,154102
10620,154095
10621,154107
10623,154097
10624,154109
10625,154116
10626,154091
10628,154088
10629,154093
10632,154112
10634,154106
10635,154090
10636,154113
10798,155099
10948,153881
11046,156272
11092,156818
11807,157424
11808,157433
11809,157459
11810,157450
11811,157483
11812,157438
11813,157415
11814,157412
11815,157457
11816,157441
11817,157462
11818,157407
11819,157452
11820,157423
11821,157427
11822,157417
11823,157434
11824,157444
11825,157464
11826,157455
11827,157411
11828,157446
11829,157448
11830,157461
11831,157435
11832,157425
11833,157426
11834,157414
11835,157437
11836,157430
11837,157445
11838,157416
11839,157458
11840,157443
11841,157410
11842,157442
11843,157466
11844,157436
11845,157463
11846,157409
11847,157451
11848,157419
11849,157421
11850,157460
11851,157465
11852,157439
11853,157440
11854,157420
11855,157481
11856,157428
11857,157422
11858,157469
11859,157418
11860,157431
11861,157454
11862,157468
11863,157413
11864,157408
11865,157432
11866,157488
11867,157470
11868,157456
11869,157447
11870,157429
11871,157449
11872,157467
11873,157453
11939,157545
11940,157398
11941,157570
11942,157389
11943,157388
11944,157391
11945,157383
11946,157386
11947,157396
11948,157554
11949,157561
11950,157564
11951,157384
11952,157393
11953,157397
11954,157569
11955,157568
11956,157385
11957,157562
11958,157399
11959,157513
11960,157566
11961,157560
11962,157565
11963,157395
11964,157522
11965,157400
11966,157387
11967,157556
11968,157558
11969,157390
11970,157392
11971,157548
11972,157499
11973,157543
11974,157587
11975,157512
11976,157508
11977,157500
11978,157541
11979,157546
11980,157507
11981,157533
11982,157530
11983,157534
11984,157523
11985,157557
11986,157555
11987,157509
11988,157531
11989,157516
11990,157503
11991,157504
11992,157506
11993,157550
11994,157521
11995,157526
11996,157552
11997,157553
11998,157529
11999,157518
12000,157549
12001,157394
12002,157502
12003,157547
12004,157528
12005,157510
12006,157520
12007,157505
12008,157527
12009,157532
12010,157517
12011,157563
12012,157511
12013,157551
12014,157567
12015,157536
12016,157544
12017,157542
12018,157515
12019,157572
12020,157537
12021,157559
12022,157519
12023,157539
12024,157501
12025,157514
12026,157535
12027,157525
12028,157540
12029,157538
12030,157524
12347,157485
12348,157471
12349,157495
12350,157492
12351,157475
12352,157478
12353,157096
12354,157092
12355,157489
12356,157095
12357,157494
12358,157487
12359,157480
12360,157473
12361,157093
12362,157498
12363,157474
12364,157493
12365,157090
12366,157497
12367,157476
12368,157486
12369,157479
12370,157089
12371,157484
12372,157472
12373,157094
12374,157088
12375,157477
12376,157091
12377,157490
12378,157496
12379,157482
12380,157491
12428,157406
12429,157583
12430,157405
12431,158960
12432,158959
12433,157404
12434,157401
12435,157087
12541,158962
12542,157579
12543,157585
12544,157584
12545,157580
12546,158969
12547,157403
12548,157402
12549,158967
12550,157574
12551,158968
12552,157576
12553,158964
12554,158963
12555,158965
12556,157586
12557,157578
12558,157577
12559,157582
12560,158966
12561,157575
12562,157573
12563,158961
12564,157581
12731,159095
12732,159094
12740,159345
12742,159327
